जेनेट के बतख प्रति दिन 16 अंडे देते हैं।वह हर सुबह नाश्ते के लिए तीन खाती है और हर दिन चार के साथ अपने दोस्तों के लिए मफिन को चकमा देती है।वह किसानों के बाजार में प्रतिदिन $ 2 प्रति ताजा बतख अंडे के लिए शेष बेचती है।किसानों के बाजार में वह हर दिन कितना डॉलर में बनाता है?	18
एक बागे नीले फाइबर के 2 बोल्ट और आधा सफेद फाइबर लेता है।कुल मिलाकर कितने बोल्ट लगते हैं?	3
जोश ने एक घर को फ़्लिप करने की कोशिश करने का फैसला किया।वह $ 80,000 के लिए एक घर खरीदता है और फिर मरम्मत में $ 50,000 में डालता है।इससे घर के मूल्य में 150%की वृद्धि हुई।उसने कितना लाभ कमाया?	70000
जेम्स सप्ताह में 3 बार 3 बार चलाने का फैसला करता है।वह प्रत्येक स्प्रिंट को 60 मीटर चलाता है।वह एक सप्ताह में कितने मीटर दौड़ता है?	540
हर दिन, वेंडी अपने प्रत्येक मुर्गियों को तीन कप मिश्रित चिकन फ़ीड को खिलाता है, जिसमें उन्हें स्वस्थ रखने में मदद करने के लिए बीज, भोजन और सब्जियां होती हैं।वह तीन अलग -अलग भोजन में मुर्गियों को अपना फ़ीड देती है।सुबह में, वह अपने मुर्गियों को 15 कप फ़ीड का झुंड देती है।दोपहर में, वह अपने मुर्गियों को एक और 25 कप फ़ीड देती है।अगर उसे वेंडी के झुंड का आकार 20 मुर्गियां हैं, तो उसे दिन के अंतिम भोजन में कितने कप फीड की आवश्यकता है?	20
काइलर अपने नए अपार्टमेंट के लिए चश्मा खरीदने के लिए स्टोर में गए।एक ग्लास की लागत $ 5 है, लेकिन हर दूसरे ग्लास की कीमत केवल 60% कीमत है।काइलर 16 गिलास खरीदना चाहता है।उन्हें उनके लिए कितना भुगतान करने की आवश्यकता है?	64
टूलूज़ में चार्ल्सटन के रूप में दो बार भेड़ें हैं।चार्ल्सटन के पास सिएटल के रूप में 4 गुना अधिक भेड़ें हैं।टूलूज़, चार्ल्सटन और सिएटल में कितनी भेड़ें हैं, अगर सिएटल में 20 भेड़ें हैं?	260
कार्ला 200 जीबी फ़ाइल डाउनलोड कर रही है।आम तौर पर वह 2 जीबी/मिनट डाउनलोड कर सकती है, लेकिन डाउनलोड के माध्यम से 40% रास्ते में, विंडोज अपडेट को इंस्टॉल करने के लिए एक पुनरारंभ करता है, जिसमें 20 मिनट लगते हैं।तब कार्ला को शुरुआत से ही डाउनलोड को फिर से शुरू करना है।फ़ाइल को डाउनलोड करने में कितना लोड होता है?	160
जॉन 60 मील प्रति घंटे की गति से 3 घंटे के लिए ड्राइव करता है और फिर चारों ओर घूमता है क्योंकि उसे पता चलता है कि वह घर पर कुछ बहुत महत्वपूर्ण भूल गया था।वह 4 घंटे में घर जाने की कोशिश करता है लेकिन पहले 2 घंटे स्टैंडस्टिल ट्रैफ़िक में बिताता है।वह अगले आधे घंटे की ड्राइविंग 30mph की गति से खर्च करता है, इससे पहले कि 80 मील प्रति घंटे की रफ्तार से जाने वाले 4 घंटे के शेष समय को चलाने में सक्षम हो।उन 4 घंटों के अंत में वह घर से कितनी दूर है?	45
प्रत्येक सप्ताह वह काम करने वाले पहले 40 घंटों के लिए प्रति घंटे एलिजा की दर $ 10 है।वह अपनी नियमित प्रति घंटा दर 1.2 गुना अधिक समय का भुगतान भी प्राप्त करती है।यदि एलिजा ने इस सप्ताह 45 घंटे काम किया, तो इस सप्ताह के लिए उसकी कमाई कितनी है?	460
एक नए कार्यक्रम में पहले महीने में 60 डाउनलोड थे।दूसरे महीने में डाउनलोड की संख्या पहले महीने में डाउनलोड के रूप में तीन गुना थी, लेकिन फिर तीसरे महीने में 30% कम हो गई।तीन महीनों में कार्यक्रम के कितने डाउनलोड थे?	366
टौला बेकरी में गए और विभिन्न प्रकार के पेस्ट्री खरीदे।उसने 3 दर्जन डोनट्स खरीदे, जिसकी कीमत $ 68 प्रति दर्जन, 2 दर्जन मिनी कपकेक थी, जिसकी कीमत $ 80 प्रति दर्जन, और 6 दर्जन मिनी चीज़केक $ 55 प्रति दर्जन के लिए।कुल लागत कितनी थी?	694
कार्लोस एक नींबू का पेड़ लगा रहा है।पेड़ को लगाने के लिए $ 90 का खर्च आएगा।हर साल यह 7 नींबू बढ़ेगा, जिसे वह $ 1.5 प्रत्येक के लिए बेच सकता है।पेड़ को पानी और खिलाने के लिए प्रति वर्ष $ 3 खर्च होता है।नींबू के पेड़ पर पैसा कमाने से पहले कितने साल लगेंगे?	13
मेलानी एक डोर-टू-डोर सेल्सवूमन है।उसने ग्रीन हाउस में अपने वैक्यूम क्लीनर का एक तिहाई बेच दिया, 2 और रेड हाउस में, और ऑरेंज हाउस में जो कुछ बचा था, उसका आधा हिस्सा।यदि मेलानी के पास 5 वैक्यूम क्लीनर बचे हैं, तो वह कितने के साथ शुरू हुई?	18
20 छात्रों की एक नृत्य वर्ग में, 20% ने समकालीन नृत्य में नामांकित किया, शेष शेष के 25% जैज़ नृत्य में नामांकित, और बाकी ने हिप-हॉप नृत्य में नामांकित किया।हिप-हॉप नृत्य में नामांकित पूरे छात्रों के कितने प्रतिशत थे?	60
एक व्यापारी 2 खरीद योजनाओं के बीच खरीद का विकल्प बनाना चाहता है: $ 5,000 के गहने या $ 8,000 के इलेक्ट्रॉनिक गैजेट्स।उनके वित्तीय सलाहकार का अनुमान है कि गहने बाजार 2.5% बढ़ जाएगा जबकि इलेक्ट्रॉनिक गैजेट्स बाजार उसी महीने के भीतर 1.2% बढ़ जाएगा।यदि व्यापारी इस महीने के अंत में एक विकल्प बनाकर लाभ को अधिकतम करना चाहता है, तो यह कितना लाभ होगा?	125
दो ट्रेनें एक ही समय में सैन राफेल छोड़ देती हैं।वे पश्चिम की ओर यात्रा करना शुरू करते हैं, दोनों 80 मील की यात्रा करते हैं।अगले दिन, वे उत्तर की ओर यात्रा करते हैं, 150 मील की दूरी पर।दो दिनों में प्रत्येक ट्रेन द्वारा कवर की गई दूरी क्या है?	230
जिल को पढ़ाने के लिए प्रति घंटे $ 20 का भुगतान किया जाता है और $ 30 एक चीयरलीडिंग कोच होने के लिए।यदि वह एक वर्ष में 50 सप्ताह, एक शिक्षक के रूप में सप्ताह में 35 घंटे और कोच के रूप में सप्ताह में 15 घंटे काम करती है, तो उसका वार्षिक वेतन क्या है?	57500
क्लेयर नाश्ते के लिए हर सुबह 3 अंडा आमलेट बनाता है।4 सप्ताह में वह कितने दर्जनों अंडे खाएगी?	7
मारिसा 12 मील की दूरी पर पैदल यात्रा कर रही है।उसे पहले 4 मील चलने में 1 घंटे लगे, फिर अगले दो मील चलने के लिए एक और घंटा।यदि वह चाहती है कि उसकी औसत गति 4 मील प्रति घंटे हो, तो किस गति (मील प्रति घंटे में) उसे शेष दूरी पर चलने की आवश्यकता है?	6
मेरे पास 10 लीटर ऑरेंज ड्रिंक है जो दो-तिहाई पानी है और मैं इसे 15 लीटर अनानास पेय में जोड़ना चाहता हूं जो तीन-पांचवां पानी है।लेकिन जैसा कि मैंने इसे डाला, मैं ऑरेंज ड्रिंक का एक लीटर फैल गया।शेष 24 लीटर में कितना पानी है?	15
रेमंड और सामंथा चचेरे भाई हैं।रेमंड का जन्म सामन्था से 6 साल पहले हुआ था।रेमंड का 23 साल की उम्र में एक बेटा था। अगर सामन्था अब 31 साल की है, तो रेमंड के बेटे के जन्म के कितने साल पहले थे?	14
बिली डीवीडी बेचता है।मंगलवार को उनके 8 ग्राहक हैं।उनके पहले 3 ग्राहक एक -एक डीवीडी खरीदते हैं।उनके अगले 2 ग्राहक प्रत्येक 2 डीवीडी खरीदते हैं।उनके अंतिम 3 ग्राहक कोई भी डीवीडी नहीं खरीदते हैं।मंगलवार को बिली ने कितने डीवीडी बेचीं?	7
हर घंटे 2 सेंटीमीटर तक एक मोमबत्ती पिघल जाती है।दोपहर 1:00 बजे से शाम 5:00 बजे तक जलने के बाद एक मोमबत्ती कितनी सेंटीमीटर छोटी होगी?	8
काइल ने पिछले साल की सबसे ज्यादा बिकने वाली किताब को $ 19.50 में खरीदा था।यह मूल मूल्य से 25% की छूट के साथ है।पुस्तक की मूल कीमत क्या थी?	26
मैरी ने एक चिकन भोजन का आदेश दिया, जिसमें $ 12, 5 दूध का खर्च होता है, जिसकी लागत $ 3 प्रत्येक, 4 सेब होती है, जिसकी कीमत $ 1.50 प्रत्येक होती है, और पिज्जा के कुछ बक्से होते हैं।मैरी ने कुल $ 50 का भुगतान किया।यदि प्रत्येक बॉक्स की कीमत $ 8.50 है तो पिज्जा के कितने बक्से मैरी ऑर्डर करते हैं?	2
मिशा ने 3 जोड़े शॉर्ट्स, 3 जोड़े पैंट और 3 जोड़े जूते खरीदे।शॉर्ट्स की एक जोड़ी की लागत $ 16.50 है।पैंट की एक जोड़ी की लागत $ 22.50 और जूते की एक जोड़ी की लागत $ 42 है।मिशा ने सभी कपड़ों की वस्तुओं पर कितने डॉलर खर्च किए?	243
सिंथिया हर रात आइसक्रीम की एक सेवा करता है।वह $ 4.00 प्रति कार्टन की लागत से प्रति कार्टन के 15 सर्विंग्स के साथ आइसक्रीम के डिब्बों को खरीदती है।60 दिनों के बाद, वह आइसक्रीम पर कितना खर्च करेगी?	16
हेनरी ने अपनी 60 मील की बाइक यात्रा के दौरान दो स्टॉप किए।वह पहली बार 20 मील के बाद रुक गया।उनका दूसरा पड़ाव यात्रा के अंत से 15 मील पहले था।उसने अपने पहले और दूसरे स्टॉप के बीच कितने मील की यात्रा की?	25
ग्लोरिया जूता खरीदारी करता है जब वह जूते की एक जोड़ी के सामने आती है जो उसके जूते के बजट में फिट होती है।हालांकि, उसे जूते और दो जोड़े ऊँची एड़ी के जूते के बीच चयन करना होगा जो एक साथ जूते की तुलना में पांच डॉलर कम खर्च करते हैं।यदि एक जोड़ी की ऊँची एड़ी के जूते की कीमत $ 33 है और दूसरी लागत दो बार है, तो कितने डॉलर जूते हैं?	104
डेरेल और एलन की उम्र 7:11 के अनुपात में हैं।यदि उनकी कुल आयु अब 162 है, तो अब से 10 वर्ष की आयु की गणना करें।	109
गुंटर एक जार में जेली बीन्स को गिनने की कोशिश कर रहा है।वह अपने दोस्तों से पूछता है कि वे कितने जार में सोचते हैं।एक कहता है कि 80. दूसरा कहता है कि 20 पहले आधे से अधिक।एक तीसरा कहता है कि पहले वाले की तुलना में 25% अधिक है।उनका औसत अनुमान क्या है?	80
जॉन 10 कुत्तों की देखभाल करता है।प्रत्येक कुत्ते को अपने व्यवसाय की देखभाल करने और देखभाल करने में दिन में 5 घंटे लगते हैं।सप्ताह में कितने घंटे वह कुत्तों की देखभाल करते हैं?	35
ग्रेटचेन के 110 सिक्के हैं।चांदी के सिक्कों की तुलना में 30 अधिक सोने के सिक्के हैं।ग्रेटचेन के पास कितने सोने के सिक्के हैं?	70
Siobhan के पास हारून की तुलना में 2 कम गहने हैं।हारून के पास रेमंड के गहनों के आधे से अधिक 5 गहने हैं।यदि रेमंड के पास 40 गहने हैं, तो सिओबान के पास कितने गहने हैं?	23
माइक 40 मिनट के लिए पिंग पोंग खेलता है।पहले 20 मिनट में, उन्होंने 4 अंक हासिल किए।दूसरे 20 मिनट में, वह 25% अधिक अंक स्कोर करता है।उसने कितने कुल अंक बनाए?	9
टेरी एक दिन में 2 योगर्ट खाता है।वे वर्तमान में $ 5.00 के लिए 4 योगर्ट्स में बिक्री पर हैं।वह 30 दिनों में दही पर कितना खर्च करता है?	75
जॉन ने अपने सभी खिलौनों को बेचने और वीडियो गेम खरीदने के लिए पैसे का उपयोग करने की योजना बनाई है।उसके पास 13 लेगो सेट हैं और वह उन्हें $ 15 प्रत्येक के लिए बेचता है।वह $ 20 प्रत्येक के लिए 8 वीडियो गेम खरीदता है और $ 5 बचा है।उसके पास कितने लेगो सेट हैं?	2
जॉन सप्ताह में 60 मील की दूरी पर चलता है।वह सप्ताह में 3 दिन चलता है।वह पहले दिन 3 घंटे और आधे से ज्यादा अन्य दो दिन चलाता है।वह कितनी तेजी से चलता है?	10
दाना गति की दर से चार गुना तेजी से दौड़ सकता है, क्योंकि वह चल सकती है, लेकिन वह गति की दर पर छोड़ सकती है जो कि वह जितनी तेजी से दौड़ सकती है, उतनी तेजी से है।यदि वह 3 मील प्रति घंटे की रफ्तार से छोड़ सकती है, तो वह छह घंटे में कितने मील की यात्रा कर सकती है यदि वह एक तिहाई समय दौड़ती है और दो-तिहाई समय पर चलती है?	18
ब्रैंडन का iPhone बेन के iPhone के रूप में चार गुना पुराना है।बेन का iPhone सूजी के iPhone से दो गुना पुराना है।अगर सूजी का iPhone 1 साल पुराना है, तो ब्रैंडन का iPhone कितना पुराना है?	8
ग्रेट ड्रैगन, पेरग, माउंट फारबो के ऊपर बैठे, 1000 फीट की दूरी के भीतर किसी भी चीज़ पर आग लगाते हुए।पोली सोने की भाला फेंक सकती है, एकमात्र ज्ञात हथियार जो ड्रैगन को 400 फीट की दूरी के लिए, ड्रैगन की लपटों की पहुंच के भीतर अच्छी तरह से सो सकता है।लेकिन जब पोली ने नीलम रत्न को पकड़ लिया, तो वह भाला को तीन गुना दूर फेंक सकती थी जब रत्न को नहीं पकड़े।यदि रत्न को पकड़े हुए, ड्रैगन की आग की लपटों की पहुंच से बाहर कितनी दूर पोली स्टैंड हो सकती है और अभी भी ड्रैगन को गोल्ड जेवलिन के साथ मार सकता है?	200
दादी जोन्स ने फायरमैन के लंच के लिए 5 सेब पाई पाई।उसने प्रत्येक पाई को 8 टुकड़ों में काट दिया और मेहमानों को खुद की सेवा करने के लिए बुफे टेबल पर पांच पाई को सेट किया।शाम के अंत में, मेहमानों ने पाई के अपने टुकड़े खाने और खाए जाने के बाद, पाई के 14 टुकड़े शेष थे।मेहमानों द्वारा कितने टुकड़े लिए गए थे?	26
इसकी पोषण संबंधी जानकारी के अनुसार, चिप्स के एक बैग में प्रति सेवारत 250 कैलोरी होती है।यदि 300 ग्राम बैग में 5 सर्विंग्स हैं, तो आप कितने ग्राम खा सकते हैं यदि आपका दैनिक कैलोरी लक्ष्य 2000 है और आपने पहले से ही 1800 कैलोरी का सेवन किया है?	48
चार्ली मधुमक्खियों की मोमबत्तियाँ बेचना चाहता है।हर पाउंड के लिए मधुमक्खियों के लिए, वह 10 पतला मोमबत्तियाँ बना सकता है।आपूर्ति में एक पाउंड मधुमक्खियों और विक्स की लागत $ 10.00 है।यदि वह प्रत्येक मोमबत्ती को $ 2.00 प्रत्येक में बेचता है, तो 20 मोमबत्तियाँ बनाने और बेचने पर उसका शुद्ध लाभ क्या है?	20
मेरेडिथ एक फ्रीलांस ब्लॉगर है जो स्वास्थ्य विषयों के बारे में लिखता है और प्रत्येक दिन ग्राहकों को अपनी स्थायी नौकरी के रूप में प्रस्तुत करता है।एक ब्लॉग लेख में शोध और लिखने में औसतन 4 घंटे लगते हैं।पिछले हफ्ते, उसने सोमवार को 5 लेख और सोमवार की तुलना में मंगलवार को 2/5 गुना अधिक लेख लिखे।बुधवार को, उसने मंगलवार को लिखे गए लेखों की संख्या से दोगुना लिखा।कुल घंटों की गणना करें जो उसने तीन दिनों में लेख लिखने में बिताए।	104
कैंडिस ने अपने पर्स में 80 पोस्ट-इट नोट्स डाल दिए, इससे पहले कि वह कॉफी शॉप में अपनी नौकरी से बाहर निकले।अपने रास्ते पर, वह स्टोर पर रुक गई और पोस्ट-इट नोट्स का एक पैकेज खरीदा;काम पर, उसने 220 अलग-अलग कप कॉफी में से प्रत्येक पर एक एकल पोस्ट-इट नोट रखा।यदि उसके पास 23 पोस्ट-इट नोट्स शेष हैं, तो उसके पास कितने पोस्ट-इट नोट थे जो उसने खरीदे थे?	163
जॉन नीले संबंधों के रूप में दो बार लाल संबंधों को खरीदता है।लाल संबंधों की कीमत नीले संबंधों की तुलना में 50% अधिक है।उन्होंने नीले संबंधों पर $ 200 खर्च किए, जिनकी कीमत $ 40 है।उसने संबंधों पर कितना खर्च किया?	800
ट्रेसी ने बगीचे में टमाटर के पौधों का समर्थन करने के लिए 4 फीट लंबे तार का एक टुकड़ा इस्तेमाल किया।तार को 6 इंच लंबे टुकड़ों में काट दिया गया था।उसे कितने टुकड़े मिले?	8
रिचर्ड 15 मंजिलों के साथ एक अपार्टमेंट इमारत में रहता है।प्रत्येक मंजिल में 8 इकाइयाँ होती हैं, और 3/4 इमारत पर कब्जा कर लिया जाता है।इमारत में अनियंत्रित इकाइयों की कुल संख्या क्या है?	30
लॉयड में एक अंडा फार्म है।उनकी मुर्गियां प्रति दिन 252 अंडे का उत्पादन करती हैं और वह उन्हें $ 2 प्रति दर्जन से बेचती हैं।प्रति सप्ताह अंडे पर लॉयड कितना बनाता है?	294
टॉम का जहाज 10 मील प्रति घंटे की रफ्तार से यात्रा कर सकता है।वह 1 से 4 बजे तक नौकायन कर रहा है।फिर वह 6 मील प्रति घंटे की दर से वापस यात्रा करता है।उसे वापस पाने में कितना समय लगता है?	5
उरिया की बुक बैग उसके लिए बहुत भारी हो रही है।उसे इसमें से 15 पाउंड निकालने की जरूरत है।उनकी कॉमिक बुक्स का वजन 1/4 पाउंड है और उनके खिलौने का वजन 1/2 पाउंड है।यदि वह 30 कॉमिक पुस्तकों को हटाता है, तो उसे कितने खिलौने निकालने की आवश्यकता है?	15
एक मैकेनिक ट्रकों और कारों के टायरों की मरम्मत के लिए अलग -अलग दरों को चार्ज करता है।मरम्मत की जाने वाली प्रत्येक ट्रक टायर के लिए, मैकेनिक $ 60 का शुल्क लेगा और मरम्मत की जाने वाली प्रत्येक कार टायर के लिए, मैकेनिक $ 40 का शुल्क लेगा।गुरुवार को, मैकेनिक 6 ट्रक टायर और 4 कार टायर की मरम्मत करता है।शुक्रवार को, मैकेनिक मरम्मत 12 कार की कोशिश करता है और किसी भी ट्रक टायर की मरम्मत नहीं करता है।उच्च राजस्व के साथ मैकेनिक ने दिन में कितना राजस्व अर्जित किया?	40
डाउटफायर बहनें स्थानीय पशु आश्रय से अपनाए गए 7 बिल्ली के बच्चे के साथ घर चला रही हैं, जब उनकी मां ने उन्हें सूचित करने के लिए फोन किया कि उनके दो घर की बिल्लियों में सिर्फ बिल्ली के बच्चे हैं।वह कहती है कि पहली बिल्ली, पैची, को गोद लिए हुए बिल्ली के बच्चे की संख्या तीन बार हुई है, जबकि ट्रिक्स, दूसरी बिल्ली, के पास 12. अब कितने बिल्ली के बच्चे को संदेह है?	40
जीन में 30 लॉलीपॉप हैं।जीन लॉलीपॉप में से 2 को खाता है।शेष लॉलीपॉप्स के साथ, जीन एक बैग में 2 लॉलीपॉप को पैकेज करना चाहता है।जीन कितने बैग भर सकते हैं?	14
पीटर ने इस सप्ताह फिल्मों में जाने की योजना बनाई है।वह हमेशा $ 7 के लिए एक टिकट और $ 7 के लिए पॉपकॉर्न प्राप्त करता है।यदि उसके पास सप्ताह के लिए 42 डॉलर हैं, तो वह कितनी बार फिल्मों में जा सकता है?	3
एक लकड़ी का पुल 5000 पाउंड से अधिक नहीं ले जा सकता है।समान बक्से से भरा एक डिलीवरी ट्रक, प्रत्येक वजन 15 पाउंड, पुल के ऊपर से गुजर जाएगा।ड्राइवर और खाली ट्रक का संयुक्त वजन 3755 पाउंड है।पुल की वजन सीमा से अधिक नहीं होने के दौरान ट्रक पर लोड किए जाने वाले बक्से की अधिकतम संख्या क्या है?	83
स्टीफन ने किराने का सामान के लिए एक ऑनलाइन ऑर्डर दिया।उनका अंतिम बिल $ 40.00 पर आया।क्योंकि यह एक डिलीवरी विक्रेता के माध्यम से था, उन्होंने अपने अंतिम कुल में 25% शुल्क से निपट लिया और उनसे डिलीवरी फीस में $ 3.00 का शुल्क लिया।स्टीफन ने $ 4.00 टिप भी जोड़ी।अतिरिक्त शुल्क के बाद, स्टीफन के किराने का सामान क्या था?	57
एक रास्पबेरी बुश में 20 फल के 6 क्लस्टर होते हैं और प्रत्येक 67 व्यक्तिगत फल झाड़ी में बिखरे होते हैं।कुल कितने रसभरी हैं?	187
एक टोकरी में 25 संतरे होते हैं जिनमें से 1 खराब होता है, 20% अनियंत्रित होते हैं, 2 खट्टे होते हैं और बाकी अच्छे होते हैं।कितने संतरे अच्छे हैं?	17
जेनेट अपनी बेटी के लिए एक ब्रोच खरीदता है।वह इसे बनाने के लिए सामग्री के लिए $ 500 का भुगतान करती है और फिर इसे बनाने के लिए जौहरी के लिए एक और $ 800।उसके बाद, वह इसका बीमा करने के लिए 10% का भुगतान करती है।उसने कितना भुगतान किया?	1430
यदि मार्सी 40 वर्षों के लिए एक ही कंपनी के लिए काम करती है, तो उसे $ 50,000/वर्ष की वार्षिक पेंशन मिलती है।20 वर्षों के बाद शुरू, वह प्रति वर्ष पेंशन के मूल्य का 5% का हकदार हो जाता है।यदि वह 30 साल बाद छोड़ देती है, तो उसकी वार्षिक पेंशन क्या होगी?	25000
अलेना ने एक स्ट्रीमिंग सेवा की सदस्यता ली जो उसे प्रति माह $ 140 का शुल्क लेती है।यदि स्ट्रीमिंग कंपनी ने उसे वर्ष की पहली छमाही के लिए प्रारंभिक राशि का शुल्क लिया और फिर वर्ष की दूसरी छमाही पर अपने 10% कम पैसे का शुल्क लिया, तो वर्ष के अंत तक स्ट्रीमिंग सेवा के लिए भुगतान की गई कुल राशि की गणना करें।	1596
सोफिया अपनी कार में एक सड़क यात्रा लेने की सोच रही है, और यह जानना चाहती है कि वह गैस के एक टैंक पर कितनी दूर तक ड्राइव कर सकती है।उसने अपने टैंक को भरने के बाद से 100 मील की यात्रा की है, और उसे फिर से भरने के लिए उसे 4 गैलन गैस में डालने की जरूरत थी।उसकी कार के लिए मालिक के मैनुअल का कहना है कि उसके टैंक में 12 गैलन गैस है।गैस के एक टैंक पर सोफिया कितने मील की दूरी पर ड्राइव कर सकता है?	300
जिम टीवी देखने के 2 घंटे बिताता है और फिर बिस्तर पर जाने का फैसला करता है और आधे तक पढ़ता है।वह सप्ताह में 3 बार ऐसा करता है।वह 4 सप्ताह में टीवी पर कितने घंटे बिताता है और पढ़ता है?	36
एक बास्केटबॉल टूर्नामेंट में चार स्कूल प्रतिस्पर्धा कर रहे हैं।प्रत्येक स्कूल ने लड़कियों की बास्केटबॉल टीम और एक लड़कों की बास्केटबॉल टीम को भेजा है और प्रत्येक टीम में 5 खिलाड़ी हैं।प्रत्येक स्कूल ने प्रत्येक टीम के लिए एक कोच भी भेजा है।कुल मिलाकर, कितने लोगों ने सभी स्कूलों को भेजा है?	48
एक खजाना शिकारी को रत्नों से भरा एक दफन खजाना छाती मिली।वहाँ 175 हीरे थे, हीरे की तुलना में 35 कम माणिक, और माणिकों की तुलना में दोगुना पन्ना की संख्या थी।सीने में कितने रत्न थे?	595
डॉ। वर्ट्ज़ के स्कूल में लड़कियों के रूप में दो बार लड़के हैं।यदि हर शिक्षक के लिए 60 लड़कियां और 5 छात्र हैं, तो कितने शिक्षक हैं?	36
बेली एक निश्चित राशि के साथ शुरू होता है।फिर उसे 8 सप्ताह के लिए $ 5 का साप्ताहिक भत्ता प्राप्त होता है।8 सप्ताह के अंत में, अगर उसके पास कुल $ 100 है, तो बेली के साथ कितना पैसा शुरू हुआ?	60
जूडी ने शनिवार को सप्ताह के दिनों में, हर दिन, हर दिन और 8 कक्षाएं सिखाईं।यदि प्रत्येक कक्षा में 15 छात्र हैं और वह प्रति छात्र $ 15.00 का शुल्क लेती है, तो वह 1 सप्ताह में कितना पैसा कमाता है?	7425
केलियन के पास व्यंजन तैयार करने के लिए दो व्यंजन हैं, एक में 20 निर्देश हैं और दूसरे में पहले वाले के रूप में दो बार कई निर्देश हैं।केलियन को दो व्यंजन तैयार करने के लिए कितने निर्देश पढ़ने हैं?	60
टॉमी $ 3 के लिए $ 3 स्लाइस और चीज़केक के लिए ब्राउनी बेचकर अपने चैरिटी के लिए धन उगाह रहा है।अगर टॉमी 43 ब्राउनी और 23 स्लाइस चीज़केक बेचता है, तो टॉमी कितना पैसा जुटाता है?	221
Shiela ने 3 महीने की किस्त के लिए $ 150 प्रत्येक के लिए पांच सेल फोन खरीदे।प्रत्येक इकाई के लिए 2% ब्याज लिया जाएगा।शिला 3 महीने के लिए हर महीने कितना भुगतान करेगा?	255
आर्टी ने किसानों के बाजार में एक फूल का स्टैंड है।वह तीन प्रकार के फूल बेचता है: Marigolds, Petunias और Begonias।वह आमतौर पर $ 2.74 प्रति बर्तन के लिए मैरीगोल्ड्स बेचता है, $ 1.87 प्रति बर्तन के लिए पेटुनीस और $ 2.12 प्रति पॉट के लिए बेगोनियास।आर्टी के पास आज कोई बदलाव नहीं है, इसलिए उन्होंने अपनी सारी कीमतों को निकटतम डॉलर तक गोल करने का फैसला किया है।यदि आरती ने 12 बर्तन मैरीगोल्ड्स, 9 पॉट्स के पेटुनीस और बेगोनिया के 17 बर्तन बेचते हैं, तो वह कितना कमाएगा?	88
ल्यूक समुद्र तट निर्माण सैंडकास्ट में समय बिता रहा है।वह अंततः नोटिस करता है कि सैंडकास्टल के प्रत्येक स्तर में उसके नीचे के स्तर के रूप में आधे वर्ग फुटेज होंगे।यदि वह एक 4 स्तरीय सैंडकास्टल बनाता है जहां शीर्ष स्तर में 16 का एक वर्ग फुटेज है, तो एक स्तर का औसत वर्ग फुटेज क्या है?	60
सेसिलिया ने सिर्फ एक नया पिल्ला खरीदा।उसके पशुचिकित्सा के अनुसार, उसे पहले 180 दिनों के लिए हर दिन पिल्ला 1 कप कुत्ते का भोजन खिलाना होता है।फिर उसे अपने जीवन के बाकी हिस्सों के लिए हर दिन पिल्ला 2 कप कुत्ते का खाना खिलाना पड़ता है।यदि कुत्ते के भोजन के एक बैग में 110 कप होते हैं, तो पहले वर्ष में सेसिलिया के कितने बैग सेसिलिया का उपयोग करेंगे?	5
यदि रेमंड सारा के रूप में अधिक कपड़े धोने के रूप में आधा करता है, और सारा डेविड के रूप में 4 बार कपड़े धोने के रूप में करता है, तो कपड़े धोने की मात्रा में अंतर की गणना करें रेमंड और डेविड करते हैं अगर सारा 400 पाउंड कपड़े धोने का काम करती है।	100
विंसेंट $ 2.50 के लिए 3 के पैकेज में या $ 1 के लिए 2 के पैकेज में फूल खरीद सकता है।बेहतर कीमत पर 18 फूल खरीदकर वह कितना पैसा बचाता है?	6
जॉन एक कुत्ते को गोद लेता है।वह कुत्ते को दूल्हे के पास ले जाता है, जिसकी कीमत $ 100 है।द ग्रूमर उसे एक नया ग्राहक होने के लिए 30% की छूट प्रदान करता है।संवारने की लागत कितनी है?	70
दो लड़कियों को 24 लीटर पानी में से 1/6 पानी मिला।फिर एक लड़के को 6 लीटर पानी मिला।कितने लीटर पानी बचा था?	10
चार्ली के पास 10 स्टिकर थे।उन्होंने मॉल में एक स्टोर से 21 स्टिकर खरीदे और अपने जन्मदिन के लिए 23 स्टिकर प्राप्त किए।तब चार्ली ने अपनी बहन को 9 स्टिकर दिए और 28 को ग्रीटिंग कार्ड को सजाने के लिए इस्तेमाल किया।चार्ली ने कितने स्टिकर छोड़ दिए हैं?	17
ग्रेस का वजन 125 पाउंड है।एलेक्स का वजन 4 गुना से कम 2 पाउंड होता है जो अनुग्रह का वजन होता है।पाउंड में उनके संयुक्त वजन क्या हैं?	623
डैन के पौधे 3 गुलाब की झाड़ियों।प्रत्येक गुलाब बुश में 25 गुलाब होते हैं।प्रत्येक गुलाब में 8 कांटे होते हैं।कुल कितने कांटे हैं?	600
एक फुटबॉल टीम ने 22 गेम खेले।उन्होंने 8 से अधिक जीत हासिल की।वे कितने जीत गए?	15
जीन पुरानी स्मारिका टी-शर्ट से एक रजाई सिलाई कर रहा है।उसके पास प्रत्येक छुट्टी से एक शर्ट है जो वह कर चुका है।हर शर्ट अपनी खुद की रजाई ब्लॉक है।प्रत्येक पंक्ति एक अलग वर्ष की छुट्टियों से ब्लॉक से बनी होती है।वह एक वर्ष में चार छुट्टियों पर जाता है और 23 साल के होने के बाद से छुट्टी ले रहा है।वह अब 34 है। कुल मिलाकर कितने रजाई ब्लॉक हैं?	44
ग्रेग के पास एक अनुस्मारक के रूप में दिन में तीन बार रिंग करने के लिए एक अलार्म सेट है।जब अलार्म बंद हो जाता है, तो यह तब तक बजता रहता है जब तक कि ग्रेग इसे बंद नहीं कर देता।पहली बार यह आज चली गई, यह चार बार आया।दूसरी बार यह बंद हो गया, यह पहली बार तीन गुना लंबे समय तक चला।तीसरी बार, यह दूसरी बार आधी तक थी।सभी में कितनी बार अलार्म बजता था?	22
एक कंपनी अपने प्रत्येक कर्मचारी को एक महीने में $ 600 का भुगतान करती है।कंपनी के पास अपने प्रत्येक कर्मचारी के वेतन को बढ़ाने की नीति है, जो हर साल उन लोगों के लिए शुरुआती वेतन का 10% हिस्सा है, जो पांच साल तक कंपनी में रहे हैं।अगर सिल्वी ने पिछले दिसंबर में कंपनी में 5 साल का समय दिया, तो तीन और वर्षों की सेवा के बाद उसका वार्षिक वेतन क्या है?	9360
मर्लिन का पहला रिकॉर्ड हेराल्ड के रूप में कई प्रतियों के रूप में 10 बार बेचा गया।यदि उन्होंने 88,000 प्रतियां संयुक्त रूप से बेची हैं, तो हेराल्ड ने कितनी प्रतियां बेचीं?	8000
क्रिस्टीना एक जन्मदिन की पार्टी की योजना बना रही है और प्रति आमंत्रित अतिथि के प्रति .75 उपहार बैग की जरूरत है, क्योंकि 1/4 उपस्थित लोग नहीं दिखाते हैं।उसने 16 दोस्तों को आमंत्रित किया।उपहार बैग $ 2 प्रत्येक हैं।वह कितना खर्च करेगी?	24
टेड टी-रेक्स डायनासोर पिकनिक पर आलू का सलाद लाने की योजना बना रहा था।वह जानता है कि एक वयस्क डायनासोर 10 एलबीएस आलू सलाद खाएगा, और एक बच्चा एक वयस्क के रूप में आधा खाएगा।यदि पिकनिक पर 20 वयस्क और 5 बच्चे होंगे, तो कितने पाउंड आलू सलाद टेड को पिकनिक में लाने की आवश्यकता है अगर वह सभी को खिलाने के लिए पर्याप्त होने की उम्मीद करता है?	225
मार्सिया के रूप में जनवरी की संख्या तीन गुना है।मार्सिया में सिंडी की तुलना में दो और पालतू जानवर हैं।यदि सिंडी के पास चार पालतू जानवर हैं, तो तीनों में कितने पालतू जानवर हैं?	28
एमिली के 4 बच्चे हैं, जिसका नाम एमी, जैक्सन, कोरी और जेम्स है।एमी जैक्सन से 5 साल बड़ी है और कोरी से 2 साल छोटा है।यदि जेम्स 10 है और कोरी से 1 साल छोटा है, तो जैक्सन कितना पुराना है?	4
ली ने 400 मीटर की बाधा दौड़ को दो सेकंड तेजी से चलाने में सक्षम किया था, जो कि गेराल्ड की तुलना में 400 मीटर की बाधा दौड़ को चलाता था।लेकिन गेराल्ड ने अपना आहार बदल दिया, जिससे उनकी गति में 10%की वृद्धि हुई।यदि ली 38 सेकंड में 400 मीटर की बाधाएं चलाता है, तो गेराल्ड कितनी तेजी से अपने बेहतर आहार के साथ, 400 मीटर की बाधा दौड़ से सेकंड में चला सकता है?	36
एक पड़ोस में, खरगोश पालतू जानवरों की संख्या पालतू कुत्तों और बिल्लियों की संयुक्त संख्या से बारह कम है।यदि हर कुत्ते के लिए दो बिल्लियाँ हैं, और कुत्तों की संख्या 60 है, तो कुल मिलाकर कितने पालतू जानवर पड़ोस में हैं?	348
200 ग्रेड 5 के छात्रों में से, 2/5 लड़के हैं और 2/3 लड़कियां गर्ल स्काउट में हैं।गर्ल स्काउट में कितनी लड़कियां नहीं हैं?	40
हैरी कल रात 9 घंटे सोया था।उसका दोस्त जेम्स केवल 2/3 सो गया था जो हैरी सो गया था।जेम्स की तुलना में हैरी ने कितने घंटे सोते थे?	3
जब फ्रेडा सॉस में डिब्बाबंद टमाटरों को पकाती है, तो वे अपनी मात्रा खो देते हैं।प्रत्येक 16 औंस टमाटर का उपयोग कर सकता है जो वह उपयोग करता है जिसमें तीन टमाटर होते हैं।टमाटर की चटनी के फ्रेड के अंतिम बैच ने 32 औंस सॉस बनाया।फ्रेड ने कितने टमाटर का उपयोग किया?	12
कारों ने मोटरवे पर लाइन लगाई है।ट्रैफिक जाम के पहले 15 मिनट में कारों में से कुछ ड्राइव करते हैं, फिर 20 और कारें जाम के शेष 15 मिनट में चलती हैं।लाइन से 5 कारें एक बाहर निकलती हैं ताकि उन्हें ट्रैफिक जाम के माध्यम से ड्राइव न करना पड़े।यदि मोटरवे पर मूल रूप से 30 कारें थीं, तो पहले 15 मिनट में ट्रैफिक जाम के माध्यम से कितनी कारें चलाईं?	5
मैरी एक शौकीन माली है।कल, उसे अपने पसंदीदा प्लांट नर्सरी से 18 नए पॉटेड पौधे मिले।उसके पास पहले से ही उसके बड़े देश के घर के 40 खिड़की के किनारे पर 2 पॉटेड पौधे हैं।उदार महसूस करते हुए, उसने फैसला किया है कि वह कल दोस्तों और परिवार को प्रत्येक कगार से 1 पॉटेड प्लांट देगा।मैरी कितने पॉटेड पौधे के साथ रहेंगे?	58
जेरोम के 4 दोस्त थे जो एक निश्चित दिन पर उनसे मिलने आए थे।जेरोम के खुलने से पहले 20 बार डोरबेल पर दबाया गया पहला दोस्त, दूसरे दोस्त ने जेरोम के पहले दोस्त की तुलना में 1/4 गुना अधिक डोरबेल पर दबाया।तीसरे दोस्त ने चौथे दोस्त की तुलना में 10 गुना अधिक डोरबेल पर दबाया।यदि चौथे दोस्त ने 60 बार डोरबेल पर दबाया, तो डोरबेल ने कितने डोरबेल के छल्ले बनाए?	175
सोलो को अपनी विज्ञान पाठ्यपुस्तक से 4 पृष्ठों, उनकी सामाजिक अध्ययन पाठ्यपुस्तक से 20 पृष्ठ, उनकी इतिहास की पाठ्यपुस्तक से 7 पृष्ठ और उनकी भूगोल पाठ्यपुस्तक से 8 पृष्ठों को पढ़ना है।सोलो सोमवार को 15 पृष्ठ पढ़ें।यदि उसके पास अपने सभी पढ़ने को पूरा करने के लिए 4 और दिन हैं, तो उसे एक दिन में, औसतन, औसतन, कितने पृष्ठों को पढ़ने की आवश्यकता है?	6
जॉन को नाश्ते, दोपहर और रात के खाने के साथ एक गिलास पानी पसंद है।अंत में, उसके पास बिस्तर पर जाने से पहले एक है।जॉन हर हफ्ते ऐसा करता है, लेकिन सप्ताहांत में वह आराम करना पसंद करता है और इसके बजाय रात के खाने के साथ सोडा होता है।जॉन एक सप्ताह में कितने गिलास पानी पीते हैं?	26
एक फॉग बैंक एक शहर को कवर करने के लिए महासागर से रोल करता है।शहर के हर 3 मील को कवर करने में 10 मिनट लगते हैं।यदि शहर ओशनफ्रंट से विपरीत अंतर्देशीय किनारे तक 42 मील की दूरी पर है, तो पूरे शहर को कवर करने में कोहरे बैंक को कितने मिनट लगेंगे?	140
पोपी एक 1000-टुकड़ा आरा पहेली को हल कर रहा है।वह एक चौथाई टुकड़ों को बोर्ड पर रखती है, फिर उसकी माँ शेष टुकड़ों का एक तिहाई रखती है।कितने आरा टुकड़ों को छोड़ दिया जाना है?	500
कोड़ी तीन बार खाती है जितनी कुकीज़ अमीर खाती है।अगर अमीर 5 कुकीज़ खाते हैं, तो दोनों एक साथ कितने कुकीज़ खाते हैं?	20
जॉन के पास 3 बक्से हैं।प्रत्येक बॉक्स 5 इंच से 6 इंच से 4 इंच है।दीवारें 1 इंच मोटी हैं।सभी 3 बक्से की कुल आंतरिक मात्रा क्या है?	72
फ्रेंकी हर रात अपना होमवर्क पूरा करने के बाद टीवी देखता है।सोमवार और मंगलवार को, उन्होंने प्रत्येक रात अपने पसंदीदा शो का 1 घंटे का एपिसोड देखा।बुधवार को, उन्होंने 30 मिनट के शो के कुछ एपिसोड देखे।गुरुवार को, उन्होंने होमवर्क को जल्दी पूरा किया और 1 घंटे के एपिसोड और 30 मिनट के शो को देखा।शुक्रवार को, उन्हें सप्ताहांत के लिए देर से रहना पड़ा, इसलिए उन्होंने दो 1-घंटे के एपिसोड देखे।यदि वह सभी में 7 घंटे टीवी देखता है, तो बुधवार को कितने 30 मिनट के एपिसोड देखते हैं?	3
हेनरी एक स्थानीय बेकिंग प्रतियोगिता के लिए कुकीज़ बना रहा है।वह पिछले साल के रूप में दो बार बनाना चाहता है।जब वह बेकिंग खत्म करता है, तो उसे पता चलता है कि उसने वास्तव में 15 और कुकीज़ को पकाया था।वह अपने 5 कुकीज़ को छोड़ देता है क्योंकि वह उन्हें ठंडा करने के लिए बाहर कर रहा है, और अब कुल 110 कुकीज़ हैं।पिछले साल हेनरी ने कितने कुकीज़ बेक किए थे?	50
एक स्थानीय गैस स्टेशन $ 3.00 प्रति गैलन के लिए गैस बेच रहा है।यदि आप इस स्टेशन पर भरते हैं तो एक ऐप कंपनी प्रति गैलन $ .20 कैशबैक की पेशकश कर रही है।यदि कोई 10 गैलन गैस खरीदता है, तो कैशबैक पुरस्कार के बाद, अपनी गैस के साथ कितना होता है?	28
मार्सेल और बीट्राइस को यह देखने के लिए एक प्रतियोगिता हो रही है कि कौन सबसे अधिक फलों के रोल-अप खा सकता है, इसलिए वे जितने भी पा सकते हैं उसे अनियंत्रित कर सकते हैं।दुर्भाग्य से, कोई गलती करता है और बीट्राइस दो रोल-अप चौड़ा था और 24 रोल लंबे समय तक था जबकि मार्सेल का 3 रोल-अप चौड़ा और 14 रोल-अप लंबा था।यदि वे दोनों ने अपनी पूरी राशि खाई, तो उन्होंने औसतन कितने खाए?	45
जब वह झील पर बाहर थी, तब जूलिया की नाव एक रिसाव को उछालती थी।नाव हर दस फीट के लिए दो लीटर पानी पर ले जा रही थी, जिसे वह वापस किनारे की ओर ले गई थी।बीस फीट की पंक्ति में उसे सोलह सेकंड लग गए।तट 64 सेकंड दूर था।जूलिया के किनारे तक पहुंचने तक नाव कितनी पानी ले गई थी?	16
एक कक्षा में एक व्हाइटबोर्ड होता है जो 4 शिक्षकों के बीच साझा किया जाता है जो कक्षा का उपयोग करते हैं।प्रत्येक शिक्षक के पास प्रति दिन 2 पाठ होते हैं और प्रत्येक पाठ में व्हाइटबोर्ड का उपयोग करते हैं।यदि व्हाइटबोर्ड को प्रति पाठ 3 बार साफ किया जाता है, तो एक दिन में व्हाइटबोर्ड को कितनी बार साफ किया जाता है?	24
रयान अपने बगीचे में एक दिन 2 फूल देता है।15 दिनों के बाद, अगर 5 नहीं बढ़ता तो उसके पास कितने फूल होते हैं?	25
जमाल का फोन ब्रिटनी के फोन की तुलना में 6 गुना अधिक तस्वीरें पकड़ सकता है।ब्रिटनी का फोन जो अधिकतम तस्वीरें पकड़ सकता है, वह चिड़ियाघर में बतख की जमाल की तस्वीर में पक्षियों की संख्या से 50 गुना अधिक है।यदि जमाल का फोन 1800 तस्वीरें पकड़ सकता है, तो चिड़ियाघर में जमाल की बतख की तस्वीर में कितने बत्तख देखे जा सकते हैं?	6
साशा ने नोटिस किया कि कुछ लकड़ी खरीदने के बाद पिछले कुछ महीनों में लकड़ी के लिए कीमतें 50% बढ़ गई हैं।चूंकि वह बची हुई है, वह उन्हें बेचने का फैसला करती है।उसके पास दस 2 x 4 x 10 बोर्ड बचे हुए हैं जिनकी कीमत उसके $ 10 प्रत्येक है।उसके पास पांच 4 x 4 x 10 बोर्ड भी हैं जो उसने $ 16 प्रत्येक के लिए खरीदे थे।यदि वह उन सभी को बेचती है, तो वह कितना लाभ कमाता है?	90
कैटी 7:13 के अनुपात में चीनी और कप पानी के चम्मच का उपयोग करके कॉफी बनाता है।यदि उसने कुल 120 चम्मच चीनी और कप पानी का इस्तेमाल किया, तो वह जिस चम्मच चम्मच चीनी का उपयोग करती है, उसकी गणना करें।	42
जॉन अपने 3 बच्चों में से प्रत्येक के लिए 2 जोड़े जूते खरीदता है।उनकी लागत $ 60 प्रत्येक है।उसने कितना भुगतान किया?	360
सीसाइड क्लीयरेंस के मुख्य बंदरगाह पर एक सीमा शुल्क अधिकारी ने आयातित वाहनों के 2 कंटेनरों की गिनती की, जिनमें से प्रत्येक में 5 वाहन थे।अगले दिन, अधिक कंटेनरों को लाया गया, और पोर्ट पर वाहनों की कुल संख्या 30 हो गई। दूसरे दिन आयातित कंटेनरों की संख्या की गणना करें, यह मानते हुए कि सभी कंटेनरों में 5 वाहन हैं।	4
एड्रियन का कुल वेतन लायला की तुलना में 30 प्रतिशत अधिक था।चार साल बाद, उनका वेतन बढ़ गया था, और वह चार साल पहले जो कुछ भी कर रहा था, उससे 40% अधिक कमा रहा था।यदि एड्रियन और लायला का वेतन एक साथ बढ़ गया, और एड्रियन ने चार साल पहले $ 40000 कमाए, तो कुल वेतन की गणना करें दोनों को चार साल बाद प्राप्त हो रहे थे?	95200
मिगुएल अपने ड्राइंग के लिए सप्ताह में 2 पैड पेपर का उपयोग करता है।यदि कागज के पैड पर कागज की 30 चादरें हैं, तो कागज की कितनी चादरें हर महीने उपयोग करती हैं?	240
मोरिसेट और केल को फल लाने के लिए कहा गया।मोरिसेट ने 5 सेब और 8 संतरे लाए, जबकि केल ने सेब की मात्रा और आधे संतरे की संख्या को मोरिसेट की तुलना में लाया।उनके पास कितने फल हैं?	27
सैडी सोमवार को 8 घंटे सोती थी।अगले दो दिनों के लिए, वह 2 घंटे कम सोती थी, प्रत्येक, क्योंकि उसे कुछ असाइनमेंट पूरा करना था।यदि बाकी सप्ताह वह उन दो दिनों की तुलना में 1 घंटे अधिक सोती थी, तो वह पूरे सप्ताह में कितने घंटे सोती थी?	48
रोजी 3 घंटे के लिए 10 मील प्रति घंटे की रफ्तार से दौड़ सकता है।उसके बाद, वह प्रति घंटे 5 मील की दूरी पर चलती है।वह 7 घंटे में कितने मील चल सकती है?	50
जेनी अपनी माँ के कार्यालय में मदद कर रही है।उसके पास 60 अक्षरों का ढेर है जिसमें स्टैम्प की जरूरत है, और पहले से ही मुहर लगाए गए पत्रों का ढेर है।वह एक तिहाई पत्रों को स्टैम्प की जरूरत वाले स्टैम्प डालती है।यदि अब पहले से ही स्टैम्प किए गए पत्रों के ढेर में 30 अक्षर हैं, तो जेनी शुरू होने पर उस ढेर में कितने थे?	10
जूलिया अपने घर पर एक डिनर पार्टी की तैयारी कर रही थी, जहाँ वह स्टू की सेवा करने का इरादा रखती थी।उसने देखा कि वह प्लास्टिक के चम्मच से बाहर थी, इसलिए उसने चम्मच का एक नया पैकेज खरीदा।बाद में, उनके पति ने 5 नए चम्मचों का एक पैकेज भी खरीदा और उन्हें जूलिया को दिया।जब जूलिया स्टू बना रही थी, तो उसने अपने स्टू का नमूना लेने के लिए तीन चम्मच का इस्तेमाल किया।बाद में, जब वह टेबल सेट करने के लिए गई, तो उसके पास कुल 12 चम्मच थे।जूलिया द्वारा खरीदे गए पैकेज में कितने चम्मच थे?	10
डायलन को एक पार्टी में सॉसेज बन्स बनाने के लिए चिकन सॉसेज और फिश सॉसेज की जरूरत थी।उन्होंने चिकन सॉसेज की तुलना में 38 चिकन सॉसेज और 6 और मछली सॉसेज खरीदे।डायलन ने सभी में कितने सॉसेज खरीदे?	82
एक नए स्कूल में स्थानांतरित करने के बाद, एमी ने लिली की तुलना में 20 और दोस्त बनाए।अगर लिली ने 50 दोस्त बनाए, तो लिली और एमी के साथ कितने दोस्त हैं?	120
अच्छी तरह से मां स्थानीय स्टोर पर तरबूज, मिर्च और संतरे बेचती है।एक तरबूज की लागत तीन गुना है कि प्रत्येक काली मिर्च की लागत क्या है।एक नारंगी की लागत 5 से कम है जो एक तरबूज की लागत है।डिलन को 4 तरबूज, 20 मिर्च और 10 संतरे खरीदने के लिए स्टोर पर भेजा जाता है।यदि प्रत्येक काली मिर्च की कीमत 15 डॉलर है, तो वह कुल राशि क्या खर्च करेगा?	880
एक अस्पताल एक दिन में 500 लोगों को देखता है।प्रत्येक रोगी को औसतन 24 मिनट के लिए देखा जाता है।डॉक्टर अस्पताल में $ 150 प्रति घंटे का शुल्क लेते हैं और अस्पताल मरीजों को $ 200 प्रति घंटे का शुल्क लेते हैं।अस्पताल इन यात्राओं से कितना लाभ कमाता है?	10000
निसा अपने डिपार्टमेंट स्टोर के सांता विलेज में कल्पित बौने खेलने के लिए 60 मौसमी श्रमिकों को काम पर रखता है।बच्चों के बच्चों की उल्टी होने के बाद कल्पित बौने ने छोड़ दिया, फिर बच्चों ने अपने पिंडली को लात मारने के बाद शेष कल्पित बौने को छोड़ दिया।कितने कल्पित बौने हैं?	30
मई में जोसेफ का खर्च $ 500 था।जून में, उनका खर्च $ 60 कम था।उन दो महीनों के लिए उनका कुल खर्च कितना था?	940
पाम और फ्रेड एक कार्निवल में गए।पाम ने रोलर कोस्टर को 2 बार सवारी की, जबकि फ्रेड ने इसे 4 बार सवार किया।उसके बाद, उनमें से प्रत्येक ने 2 बार ल्यूज की सवारी करने का फैसला किया।यदि प्रत्येक सवारी की लागत 6 टिकट है, तो उस दिन उन्होंने कितने टिकटों का उपयोग किया?	60
सोमवार को वॉल्ट 4 मील की दूरी पर चला गया।मंगलवार को, वह सोमवार को चलने के साथ ही 6 बार कई मील की दूरी पर चला गया।बुधवार के माध्यम से सोमवार को उनका कुल लाभ 41 मील था।बुधवार को वह कितने मील तक चला?	13
टॉम को एक महीने में 4 कार washes मिलती है।यदि प्रत्येक कार वॉश की लागत $ 15 है, तो वह एक वर्ष में कितना भुगतान करता है?	720
ब्रायन के दोस्त बॉबी के पास ब्रायन के रूप में कई वीडियो गेम के रूप में 3 बार 5 से कम है।यदि ब्रायन के पास 20 वीडियो गेम हैं, लेकिन तुलना करने से ठीक पहले 5 हार गए, तो बॉबी के पास कितने हैं?	40
दुनिया में 27 गेंडा बचे हैं।उनमें से एक तिहाई स्कॉटिश हाइलैंड्स में हैं।स्कॉटिश यूनिकॉर्न के दो तिहाई महिलाएं हैं।कितनी महिला स्कॉटिश यूनिकॉर्न हैं?	6
रोरी $ 7.50 प्रत्येक के लिए 2 सब्सर्स ऑर्डर करता है, $ 1.50 प्रत्येक के लिए चिप्स के 2 बैग और डिलीवरी के लिए $ 1.00 प्रत्येक के लिए 2 कुकीज़।चेक आउट में 20% डिलीवरी शुल्क जोड़ा गया है और वह $ 5.00 टिप जोड़ना चाहती है।उसकी डिलीवरी ऑर्डर की लागत क्या होगी?	29
मार्क ने कल एक परीक्षा ली जिसमें 75 प्रश्न शामिल थे।उन्होंने प्रति घंटे 5 प्रश्नों की दर से परीक्षण पूरा किया।आज, उन्होंने उसी दर पर 100 सवालों का एक और परीक्षण किया।यदि मार्क के पास पहला परीक्षण पूरा करने के लिए 8 घंटे और दूसरे को पूरा करने के लिए 6 घंटे थे, तो उसने कितने सवालों को अधूरा छोड़ दिया?	105
एक कैंडी मशीन में, गुलाबी गंबल की संख्या से चार गुना से अधिक 22 हैं क्योंकि नीले गंबल हैं।यदि 12 ब्लू गंबल हैं तो कितने गुलाबी हैं?	70
किराए के लिए 20 उपलब्ध कारों में से, 12 स्वचालित कारें हैं, 4 मैनुअल कार हैं, और बाकी अर्ध-स्वचालित हैं।कितनी प्रतिशत कारें अर्ध-स्वचालित हैं?	20
एक छत्ते में 700 मधुमक्खियां हैं।बच्चे मधुमक्खियों के रूप में कई कार्यकर्ता मधुमक्खियों के रूप में दो बार हैं, और रानियों के रूप में दो बार कई बच्चे हैं।कितने कार्यकर्ता मधुमक्खियां हैं?	400
जॉर्डन हर दिन 2 घंटे के लिए वीडियो गेम खेलता है।उनके पास एक अंशकालिक नौकरी भी है जहां वह $ 10 प्रति घंटा कमाता है।जॉर्डन एक सप्ताह में कितना पैसा कमाता अगर वह अपना वीडियो गेम समय काम करने के बजाय काम करता है?	140
जॉन 2 डॉलर के लिए दूध खरीदता है, 3 डॉलर के लिए अंडे, 3 डॉलर के लिए प्रकाश बल्ब, 3 डॉलर के लिए कप और 4 डॉलर के लिए रोच जाल।यदि सभी नॉनफूड आइटम पर 10% कर है तो सब कुछ कितना खर्च हुआ।	16
किम ने अपना हाउसकीपिंग व्यवसाय शुरू किया है और यह गणना कर रहा है कि वह अपने ग्राहकों से कितना लाभ कमाएगा।उसके पास पहले से ही 3 ग्राहक हैं, लेकिन एक और 5 संभावित ग्राहकों से बात कर रहे हैं और उन्हें अपनी गणना में शामिल करने के लिए पर्याप्त आत्मविश्वास महसूस करते हैं।प्रत्येक ग्राहक के घर को 2 बोतल ब्लीच और कपड़े के एक पैकेट को साफ करने की आवश्यकता होगी।ब्लीच की बोतलों की लागत $ 2 प्रत्येक होगी और कपड़े के पैक $ 5 प्रत्येक की लागत होगी।ये उनके एकमात्र खर्च हैं।वह गणना करता है कि प्रत्येक सप्ताह उसकी कुल आय $ 92 होगी।लाभ कुल आय और कुल खर्चों के बीच का अंतर है, इसलिए डॉलर में कितना लाभ होता है, क्या लुकास प्रत्येक सप्ताह बना देगा?	20
जॉन के पास 10 हेक्टेयर एक अनानास क्षेत्र है।प्रति हेक्टेयर 100 अनानास हैं।जॉन हर 3 महीने में अपने अनानास की कटाई कर सकते हैं।जॉन एक साल के भीतर कितने अनानास हो सकते हैं?	4000
जॉनी अपने कमरे के फर्श पर खिलौने उठा रहे हैं।उन्होंने फर्श पर 500 टुकड़ों के साथ एक लेगो बॉक्सिंग सेट को डंप किया था, और एक और जिसमें 500 टुकड़े की तुलना में 3 गुना अधिक टुकड़े थे, और एक और जिसमें 1/4 टुकड़ों की संख्या थी।यदि वह सभी लेगो को चुनता है तो जॉनी कितने ब्लॉक उठाता है?	2,125
डेबरा एक मधुमक्खी की निगरानी कर रहा है, यह देखने के लिए कि एक दिन में कितने मधुमक्खियां आती हैं और जाती हैं।वह देखती है कि 30 मधुमक्खियों ने पहले 6 घंटों में छत्ता छोड़ दिया, और फिर वह 1/2 देखती है कि कई मधुमक्खियां अगले 6 घंटों में लौटती हैं।वह दो बार कई मधुमक्खियों को देखती है क्योंकि उसने पहले छत्ते को छत्ते से छोड़ दिया था और अगले 6 घंटों में छोड़ दिया था।फिर हर मधुमक्खी जो पहले छोड़ी गई थी, अगले 6 घंटों में पहले से ही हाइव पर वापस नहीं आ गई थी।दिन के अंतिम 6 घंटों में डेबरा ने हाइव पर कितने मधुमक्खियों को देखा?	75
ब्रिटनी और उसकी माँ संग्रहालय में जाती हैं।प्रवेश की लागत वयस्कों के लिए $ 12 और बच्चों के लिए $ 10 है।ब्रिटनी की माँ 1 चाइल्ड टिकट और 1 वयस्क टिकट के लिए कैशियर मनी देती है।अगर उसे डॉलर में $ 8, कितना पैसा मिला, तो क्या उसने कैशियर दिया?	30
डोरोथी के रूप में चार्ली के तीन बार फेसबुक मित्र हैं।जेम्स के डोरोथी के रूप में फेसबुक पर चार बार कई दोस्त हैं।अगर चार्ली के फेसबुक पर 12 दोस्त हैं, तो जेम्स के कितने फेसबुक मित्र हैं?	16
स्टीव और टिम यह देखने का फैसला करते हैं कि कौन स्कूल से सबसे तेजी से घर ले सकता है।स्टीव टिम की तुलना में आगे रहता है, इसलिए उसे अपनी बाइक चलाने की अनुमति है।स्टीव स्कूल से 3 मील की दूरी पर रहता है और 440 फीट प्रति मिनट बाइक चला सकता है।टिम स्कूल से 2 मील दूर रहता है।यदि टिम अपने स्केटबोर्ड को 264 फीट प्रति मिनट पर सवारी कर सकता है, तो हारे हुए दौड़ खत्म होने से पहले विजेता अपने घर पर कब तक इंतजार कर रहा होगा?	4
शावड़ा ने फैसला किया कि उसके पड़ोस के बच्चे वास्तव में बाइक मुद्रास्फीति सेवा का उपयोग कर सकते हैं।वह टायर द्वारा चार्ज करने का सबसे अच्छा तरीका तय करती है।प्रत्येक टायर को फुलाने के लिए 25 सेंट का खर्च आता है।पहले दिन, साइकिल पर 5 लोग दोनों टायर को फुलाए जाने के लिए आए।3 लोग अपने सभी तिपहिया टायरों को फुलाए जाने के लिए आए।अंत में, एक व्यक्ति वास्तव में एक यूनीसाइकिल पर आया था।उस दिन उसने कितने डॉलर बनाए?	5
कार्ल कुकीज़ के दस पैक खरीदता है।कुकीज़ के प्रत्येक पैक में छह कुकीज़ हैं।प्रत्येक कुकी की लागत $ 0.10 है।यदि वह $ 10 बिल के साथ भुगतान करता है तो कार्ल को कितना बदलाव मिलता है?	4
डेव ने फ्रांसीसी फ्राइज़ का एक बड़ा पैक खरीदा और एक भूखे सीगल से पहले चौदह खाया और पैक को उसके हाथ से बाहर चुरा लिया।जब सीगल उतरा, तो उसने डेव को खाया, फ्रांसीसी फ्राइज़ की आधी मात्रा में नीचे गिरा दिया।फिर तीन कबूतरों ने उसे भोजन से दूर कर दिया, और प्रत्येक कबूतर ने तीन फ्राइज़ खाए।बाद में, एक रैकून ने शेष फ्राइज़ के दो तिहाई चुरा लिए।चींटियों ने एक अंतिम फ्रेंच फ्राई को छोड़ दिया, जिसमें पांच पीछे रह गए।जब डेव ने इसे खरीदा तो कितने फ्रेंच फ्राइज़ पैक में थे?	48
सोमवार, बुधवार और शुक्रवार को, कॉलेज के छात्र किमो में प्रत्येक दिन तीन 1 घंटे की कक्षाएं होती हैं।मंगलवार और गुरुवार को, उनके पास प्रत्येक दिन दो 2 घंटे की कक्षाएं हैं।एक सेमेस्टर में, स्कूल के 16 सप्ताह हैं।एक सेमेस्टर में, किमो कितने घंटे में भाग लेने में खर्च करता है?	272
बिल हर दिन 300 रोल, 120 चॉकलेट क्रोइसैन और 60 बैगुएट्स को बेक करता है।प्रत्येक रोल 4 इंच लंबा होता है, प्रत्येक क्रोइसैन 6 इंच लंबा होता है, और प्रत्येक बैगुलेट दो फीट लंबा होता है।यदि बिल सभी पके हुए सामानों को समाप्त करने के लिए समाप्त हो जाता है, तो वे कब तक पैरों में रहेंगे?	280
ज़ूकीपर चिड़ियाघर में सभी वानरों को खिलाता है।वह हर 2 महीने में एक स्थानीय खेत से सभी केले का आदेश देता है।यदि बंदरों को 200 केले की आवश्यकता होती है, तो गोरिल्ला को 400 केले की आवश्यकता होती है, और बबून को हर महीने 100 केले की आवश्यकता होती है, 2 महीने तक चलने के लिए उसे कितने केले की आवश्यकता होती है?	1400
ब्लेक और केली को यह देखने के लिए एक प्रतियोगिता है कि कौन 15 मिनट में सबसे अधिक चला सकता है।वे इसे एक फुटबॉल मैदान पर करने का फैसला करते हैं जो 100 गज लंबा है।ब्लेक 15 बार आगे और पीछे चलता है।केली एक बार आगे-पीछे चलती है, और फिर यह तय करती है कि वह ब्लेक के बगल में नहीं भागना चाहती है, इसलिए वह 40-यार्ड लाइन और बैक में भागना शुरू कर देती है।वह 34 बार ऐसा करती है।हारे हुए की तुलना में विजेता कितना दूर चलाता है?	80
राफेल कुछ स्कूल आपूर्ति खरीदने गए।उन्होंने 4 पेन खरीदे, जिनकी कीमत $ 1.5 प्रत्येक, 2 नोटबुक की कीमत है, जिनकी कीमत $ 4 है, और बॉन्ड पेपर का एक रिम है, जिसकी कीमत $ 20 है।राफेल ने हर चीज पर कितना खर्च किया?	34
फिन तालाब में 11 टैडपोल तैराकी देखता है।अचानक वह देखता है कि उनमें से 6 एक लिली पैड के नीचे से छिपकर बाहर आते हैं, फिर वह देखता है कि उनमें से 2 एक चट्टान के नीचे छिपते हैं।अब तालाब में फिन कितने टैडपोल देख सकते हैं?	15
पानी के एक टैंक में सोमवार को 17 फीट की गहराई होती है।मंगलवार को टैंक में 7 फीट अधिक पानी था।बुधवार को, पानी की गहराई मंगलवार को दो तिहाई है।बुधवार को टैंक की पानी की गहराई क्या है?	16
अनाकिन और लोकोसिन आज समुद्र तट पर गए।अनाकिन ने 10 स्टारफिश, 6 समुद्री घोड़ों और 3 क्लाउनफ़िश को पकड़ा।जबकि लोकोसिन ने अनाकिन की तुलना में 5 कम स्टारफिश, एनाकिन की तुलना में 3 कम समुद्री घोड़े और अनाकिन की तुलना में 2 अधिक क्लाउनफ़िश पकड़े।वे कितनी मछलियों को पकड़ने में सक्षम थे?	32
यदि मार्बल्स के एक बैग की लागत $ 20 है और कीमत में हर दो महीने में मूल मूल्य का 20% बढ़ जाता है, तो 36 महीने के बाद मार्बल्स का एक बैग कितना खर्च करेगा?	92
एक कमरे में, विभिन्न खिलौने हैं: 5 लाल कारें, 3 एक्शन के आंकड़े और एक गुड़िया।गुड़िया की लागत 3 एक्शन के आंकड़े और एक लाल कार की लागत $ 4 है।एक एक्शन फिगर की कीमत $ 5 की कीमत के सभी खिलौने कितने मूल्य के हैं?	50
जैकी यह तय करने की कोशिश कर रही है कि क्या अपने करों को खुद करना है या एक एकाउंटेंट को नियुक्त करना है।यदि वह खुद करों को करती है, तो वह 35 घंटे के फ्रीलांस काम करने में सक्षम होगी, जो कि मिस्ड आय में $ 35/घंटा खोती है।एकाउंटेंट $ 90 का शुल्क लेता है।यदि वह एकाउंटेंट को काम पर रखती है तो उसके पास कितना पैसा होगा?	15
अपने 30 वें जन्मदिन के लिए, एल्विरा ने उपहार के रूप में कई सामान के साथ एक नया कंप्यूटर चुना।उसके पास अपने पूरे परिवार द्वारा दान किए गए € 1500 का बजट है और सोचता है कि वह एक परिधान को वहन करने के लिए थोड़ा पैसा रखने में सक्षम होगी।वह एक कंप्यूटर स्टोर पर जाती है और एक मशीन चुनती है जिसकी कीमत स्क्रीन, कीबोर्ड और माउस के साथ € 1090 है।वह € 157 के लिए एक स्कैनर, एक सीडी बर्नर की कीमत € 74 और € 102 के लिए एक प्रिंटर भी लेती है।उसके कपड़ों के लिए उसने कितने पैसे छोड़े होंगे?	77
सैंड्रा का पड़ोसी उसे अपनी बेटी को हर बार 9 अंडों की टोकरी देता है।एक स्पेनिश फ्लान बनाने के लिए, उसे 3 अंडे चाहिए।यदि सैंड्रा को अपने स्कूल के फंडराइज़र के लिए 15 स्पेनिश फ़्लेन बनाने का काम सौंपा गया है, तो सैंड्रा को कितनी बार दाई है?	5
सेठ ब्रुक से दोगुना पुराना है।2 साल में, उनकी उम्र का योग 28 होगा। सेठ कितना पुराना है?	16
जिमी के पास एथेल के पास दो बार $ 2 से अधिक है।यदि एथल के पास $ 8 है, तो जिमी के पास कितना पैसा है?	18
पंचो एक दिन में 20 मील चलता है।सप्ताहांत पर छोड़कर जब वह 10 मील चलता है।वह एक सप्ताह में कितने मील चलता है?	120
मार्चिंग बैंड नई वर्दी का आदेश दे रहा है।प्रत्येक वर्दी एक टोपी के साथ आती है, जिसकी लागत $ 25, एक जैकेट है जो टोपी के रूप में तीन गुना अधिक खर्च होती है, और पैंट जो टोपी और जैकेट की लागत के औसत की लागत होती है।प्रत्येक वर्दी की कुल लागत कितनी है?	150
जेक एंटोमोलॉजी के संग्रहालय के माध्यम से चल रहा है।वह प्रत्येक 8 पैरों के साथ 80 मकड़ियों को देखता है, प्रत्येक 6 पैरों के साथ 90 कीड़े, और प्रत्येक 10 पैरों के साथ 3 दुर्लभ उत्परिवर्ती अकशेरुकी।जेक कितने पैरों को देखता है?	1210
काबोस में चार पक्षी हैं।सैली दो दादी लाल से तीन साल बड़ी है।दादी रेड सैली फोर के रूप में दो गुना पुराना है।यदि सैली फोर सैली तितीतवो के समान उम्र का है, और सैली थर्टीटवो 8 साल की है, तो चार पक्षियों की कुल उम्र क्या है?	51
जेसिका यह पता लगाने की कोशिश कर रही है कि हर महीने उसके सभी ऋणों पर कितना भुगतान किया जाए।उसके छात्र ऋण का न्यूनतम $ 300/माह का भुगतान है, उसके क्रेडिट कार्ड का न्यूनतम $ 200/माह है, और उसके बंधक का न्यूनतम $ 500/माह है।यदि जेसिका न्यूनतम से 50% अधिक भुगतान करना चाहती है, तो वह एक वर्ष में कितना भुगतान करती है?	18000
बिली अपने बड़े परिवार के पुनर्मिलन बारबेक्यू के लिए आलू सलाद बनाने की तैयारी में आलू को छील और काट रहा है।यह एक बड़ी घटना है, इसलिए उसके पास प्राप्त करने के लिए 60 आलू हैं।आलू लगभग एक ही आकार के होते हैं, इसलिए हर एक को छीलने और काटने के लिए समान समय लगता है।एक आलू को छीलने में बिली को लगभग डेढ़ मिनट लगते हैं, लेकिन इसे काटने के लिए केवल 5 सेकंड।आलू को खत्म करने में बिली को कितना समय लगेगा?	95
जुआन और उनके भाई कार्लोस नींबू पानी बेच रहे हैं।प्रत्येक गैलन के लिए वे इसे नींबू के लिए $ 3 और चीनी के लिए $ 2 बनाते हैं।वे प्रत्येक ग्लास को $ 0.50 में बेचते हैं और प्रति गैलन 20 गिलास प्राप्त करते हैं।यदि उन्होंने लाभ में $ 25 बनाया, तो उन्होंने नींबू पर कितना खर्च किया?	15
240 एशियाई लोगों के साथ एक दौड़ में, 80 जापानी थे, और बाकी चीनी थे।यदि चीनी टीम के लड़कों की संख्या 60 थी, तो चीनी टीम में कितनी लड़कियां थीं?	100
ज़ैद अपने वेतन का 1/4 किराए पर, कार ईंधन पर 1/3 खर्च करता है और शेष राशि का आधा हिस्सा अपने पसंदीदा दान को दान करता है।वह अपनी बेटी को अपने साप्ताहिक खर्चों के लिए उपयोग करने के लिए 200 डॉलर और अपनी पत्नी को किराने का सामान और अन्य घरेलू सामानों के लिए बजट के लिए 700 डॉलर देता है।यदि Zaid प्रति माह 6000 $ कमाता है, तो इन सभी खर्चों और दान के बाद भी उसके पास कितना पैसा होगा?	350
रानी के पास मोनिक की तुलना में दस और केकड़े हैं, जिनके पास बो की तुलना में 4 कम केकड़े हैं।यदि बीओ में 40 केकड़े हैं, तो तीनों के क्रैब की कुल संख्या की गणना करें।	122
लॉयड गणित ट्यूशन पर $ 10 प्रति घंटा कमाता है।उन्होंने पहले सप्ताह के लिए 5 घंटे और दूसरे सप्ताह के लिए 8 घंटे पढ़े।उसने पहले दो हफ्तों तक कितना कमाया?	130
दो उम्मीदवार सराय के स्कूल में कक्षा प्रतिनिधि के लिए दौड़ रहे हैं।यदि विजेता को 3/4 वोट मिले और कक्षा में मतदान करने वाले छात्रों की कुल संख्या 80 थी, तो वोटों की संख्या की गणना करें।	20
सैंड्रा, कोने के चारों ओर फूलवाला, फ्रेड के अधूरे ऑर्डर डिलीवरी से बहुत नाखुश है।सैंड्रा ने चार बार सफेद कार्नेशन के रूप में कई लाल गुलाब का आदेश दिया था।उसने 200 गुलाबी कैला लिली का भी आदेश दिया, जो कि सफेद कार्नेशन्स की संख्या से पांच गुना थी।सैंड्रा ने आपूर्तिकर्ताओं को स्विच करने की धमकी दी है यदि लापता लाल गुलाब शाम 5 बजे तक नहीं पहुंचाया जाता है।सैंड्रा के व्यवसाय को बनाए रखने के लिए, कितने लाल गुलाब फ्रेड को शाम 5 बजे तक वितरित करना चाहिए?	160
जीन मार्क से दो साल बड़ा है।दो साल पहले मार्क आधे जेन की उम्र से 5 साल बड़ा था।यदि जन 30 है तो जीन कितना पुराना है?	23
दो ट्रैक टीमें 400 मीटर रिले 4 में एक दूसरे के खिलाफ प्रतिस्पर्धा कर रही हैं;एक दौड़ जहां प्रत्येक प्रतिस्पर्धी टीम में चार सदस्य होते हैं जो प्रत्येक एक मानक ट्रैक के आसपास 400 मीटर, या एक गोद में चलते हैं।दोनों टीमों में से एक बहुत अच्छी तरह से गोल है और उनके प्रत्येक सदस्य अपने 400 मीटर के पैर को ठीक 55 सेकंड में चलाएंगे।दूसरी टीम कम अच्छी तरह से गोल है;उनका पहला धावक 60 सेकंड में अपने 400 मीटर का पैर चलाएगा, फिर प्रत्येक बाद के धावक पिछले धावक की तुलना में 3 सेकंड तेज होंगे।इस जानकारी का उपयोग करते हुए, कितनी सेकंड में तेजी से टीम जीत जाएगी?	2
जेरी छह-तरफा मर रहा है।यह कितनी अधिक संभावना है (एक प्रतिशत के रूप में व्यक्त) कि वह 3 से अधिक की संख्या को रोल करता है कि वह एक पंक्ति में दो भी संख्याओं को रोल करता है?	25
जेना और उसकी माँ ने अपने सेब के खेत से कुछ सेब उठाए।जेना ने अपनी माँ के रूप में कई सेब के रूप में आधा उठाया।अगर उसकी माँ को 20 सेब मिले, तो वे दोनों कितने सेब चुने?	30
रसेल एक पालतू जानवर की दुकान पर काम करता है और कृन्तकों के बीच पुआल वितरित कर रहा है।चूहों को समान समूहों में 3 पिंजरों में रखा जाता है और प्रत्येक चूहे को 6 टुकड़े के पुआल दिए जाते हैं।हैम्स्टर्स के 10 पिंजरे हैं जिन्हें अकेले रखा जाता है और प्रत्येक हम्सटर को 5 टुकड़े के टुकड़े दिए जाते हैं।खरगोशों की एक कलम भी है जहां खरगोशों के बीच 20 टुकड़े के पुआल वितरित किए जाते हैं।स्टोर में कहीं और कोई भी पुआल का उपयोग नहीं किया जाता है।यदि छोटे कृन्तकों के बीच पुआल के 160 टुकड़े वितरित किए गए हैं, तो प्रत्येक पिंजरे में कितने चूहे होते हैं?	5
मैंडी बेनेडिक्ट $ 100 का बकाया है।वे 2%के मासिक ब्याज के लिए सहमत हुए।यदि मैंडी 3 महीने के बाद इसका भुगतान करने में सक्षम थी, तो उसे बेनेडिक्ट को कितना देना चाहिए?	106
एक व्यापारी $ 20 प्रति बैग की दर से एक किसान से गेहूं के कुछ बैग खरीदता है।यदि प्रत्येक बैग को खेत से गोदाम तक ले जाने के लिए $ 2 का खर्च आता है, और व्यापारी ने $ 30 की दर से सभी बैगों को बेचने के बाद $ 400 का कुल लाभ कमाया, तो उसने कितने बैग बेच दिए?	50
तीन दोस्तों ने मेले में 3 टिकटों पर $ 20.25 खर्च किए।उन्होंने टिकटों की तुलना में भोजन पर $ 4.50 कम खर्च किया।वे 2 अलग -अलग सवारी पर भी गए जिनकी लागत प्रत्येक सवारी के लिए $ 33 है।यदि वे सभी लागतों को समान रूप से विभाजित करने के लिए सहमत हुए, तो उनमें से प्रत्येक ने कितना भुगतान किया?	34
जॉन 3 घंटे के लिए आड़ू इकट्ठा करता है।वह एक मिनट में 2 आड़ू इकट्ठा कर सकता है।वह कितने आड़ू इकट्ठा करता है?	360
बतख को जीवित रहने के लिए प्रत्येक सप्ताह 3.5 पाउंड कीड़े खाने की आवश्यकता होती है।यदि दस बत्तखों का झुंड है, तो प्रति दिन कितने पाउंड कीड़ों की आवश्यकता होती है?	5
टॉम पौधे एक वर्ष में 10 पेड़।हर साल वह एक वर्ष में 2 पेड़ों को भी काटता है।वह 50 पेड़ों से शुरू होता है।10 साल बाद 30% पेड़ मर जाते हैं।उसने कितने पेड़ छोड़े हैं?	91
मुकदमा एक मजेदार पड़ोस में रहता है।एक सप्ताह के अंत में, पड़ोसियों ने मुकदमा पर एक शरारत खेलने का फैसला किया।शुक्रवार की सुबह, पड़ोसियों ने सू के सामने वाले यार्ड पर 18 गुलाबी प्लास्टिक फ्लेमिंगो को बाहर रखा।शनिवार की सुबह, पड़ोसियों ने फ्लेमिंगो के एक तिहाई को वापस ले लिया, उन्हें सफेद रंग दिया, और इन नव चित्रित सफेद फ्लेमिंगो को सू के सामने वाले यार्ड पर वापस रखा।फिर, रविवार की सुबह, उन्होंने संग्रह में एक और 18 गुलाबी प्लास्टिक फ्लेमिंगोस जोड़ा।रविवार को दोपहर को, सफेद प्लास्टिक फ्लेमिंगो की तुलना में कितने और गुलाबी प्लास्टिक फ्लेमिंगोस बाहर थे?	24
वायलेटा नए क्रेयॉन खरीदना चाहता है।उसे 5 अलग -अलग रंगों में उनकी आवश्यकता है और इस खरीद के लिए $ 20 तैयार किया।एक क्रेयॉन की लागत $ 2 है।उसे कितना बदलाव मिलेगा?	10
एक पेन की कीमत एक पेंसिल और इरेज़र के रूप में है।एक पेंसिल की लागत $ 1.20 है और एक इरेज़र की लागत $ 0.30 है।8 पेन की लागत कितनी होगी?	12
एक निश्चित शहर में 200 पाउंड गाजर को 40 रेस्तरां में वितरित किया जाना है।प्रत्येक रेस्तरां को 2 पाउंड गाजर प्राप्त करना है।कितने पाउंड गाजर का उपयोग नहीं किया जाएगा?	120
सोडा शहर में, ठीक 23786 निवासी हैं।इनमें 8417 पुरुष और 9092 महिलाएं शामिल हैं।बाकी आबादी बच्चों से बनी है।सोडा में कितने बच्चे हैं?	6277
एलेन के पास शुरू में 20 पोकेमॉन कार्ड थे।एक महीने के बाद, उसने उस संख्या को तीन बार एकत्र किया।दूसरे महीने में, उसने पहले महीने में एकत्र किए गए लोगों की तुलना में 20 कम कार्ड एकत्र किए।तीसरे महीने में, उसने पहले और दूसरे महीनों में एकत्र किए गए पोकेमॉन कार्ड की संयुक्त संख्या को दोगुना एकत्र किया।उसके पास अब कितने पोकेमॉन कार्ड हैं?	320
मार्क एक कॉपी-एडिटर है।वह दो अलग -अलग प्रकाशकों के लिए प्रत्येक सप्ताह एक समान संख्या में वाक्यों का संपादन करता है, जो प्रत्येक उसे प्रति वाक्य एक अलग दर का भुगतान करते हैं।प्रकाशक बी मार्क को दो बार भुगतान करता है जो प्रकाशक एक भुगतान करता है।मार्क प्रत्येक सप्ताह कुल 1000 वाक्यों को संपादित करता है, और प्रकाशक ए उसे प्रति वाक्य 5 सेंट का भुगतान करता है।मार्क एक सप्ताह में कितना बनाता है, सेंट में?	7500
बाल्डुर को कुएं से पानी मिलता है।उसे हर सुबह 5 पेल पानी मिलता है और हर दोपहर 6 पेल पानी मिलता है।यदि प्रत्येक पेल में 5 लीटर पानी होता है, तो उसे हर दिन कितने लीटर पानी मिलता है?	55
जॉन ने काम पर एक पुरस्कार जीता।इस पुरस्कार में $ 5000 का 1 बार का मौद्रिक इनाम और वेतन में 5% की वृद्धि होती है।यदि वह एक सप्ताह में 2000 बनाता है, तो वर्ष के हर हफ्ते और उसे वर्ष के पहले दिन पुरस्कार मिला, उसने उस वर्ष में कितना पैसा कमाया?	114,200
जोसी अपने 10 एकड़ के खेत में अंगूर उगाती है।प्रत्येक एकड़ प्रति वर्ष 5 टन अंगूर का उत्पादन करता है, और प्रत्येक टन अंगूर 2 बैरल शराब बनाता है।प्रति वर्ष उसके खेत में कितने बैरल वाइन का उत्पादन करते हैं?	100
कार्ल का पसंदीदा भोजन पनीर है।उन्होंने इस सप्ताह दोपहर के भोजन के लिए हर दिन एक सैंडविच खाया और प्रत्येक सैंडविच पर पनीर के 2 स्लाइस का इस्तेमाल किया।उन्होंने सप्ताह में 3 दिनों के लिए नाश्ते के लिए पनीर और अंडे के आमलेट खाए, जो कि प्रति सैंडविच की तुलना में एक और आमलेट का उपयोग कर रहे थे।उन्होंने मकारोनी और पनीर का एक बड़ा डिश बनाया, ताकि वह सप्ताह के लिए कई रात्रिभोज तक पहुंचे और इसमें 8 स्लाइस पनीर का इस्तेमाल किया।पनीर के कितने स्लाइस का उपयोग किया?	31
जेनेट में 22 हरी पेन और 10 पीले पेन थे।फिर उसने 6 बैग ब्लू पेन और 2 बैग रेड पेन खरीदे।लाल के प्रत्येक बैग में नीले रंग के प्रत्येक बैग में 9 पेन और 6 पेन थे।जेनेट के पास अब कितने पेन हैं?	98
ब्रिनले श्री बर्ट के गणित वर्ग में हैं।श्री बर्ट प्रत्येक सेमेस्टर में छह परीक्षण देता है।वह छात्रों को प्रत्येक सेमेस्टर से औसत से सबसे कम स्कोर निकालने की अनुमति देता है।यदि ब्रिनली के पहले पांच परीक्षणों पर 89, 71, 92, 100 और 86 के स्कोर हैं, तो 93 के औसत को प्राप्त करने के लिए उसे छठे परीक्षण पर किस स्कोर की आवश्यकता है?	98
मिचेल को बाइक की सवारी करना बहुत पसंद है।वह सप्ताह में कम से कम 5 बार सवारी करता है और हर बार 25 किलोमीटर बनाता है।उन्होंने चार सप्ताह के लिए ऐसा किया, और फिर उन्होंने फैसला किया, सप्ताह में केवल 2 बार बाइक की सवारी करने के लिए, लेकिन हर बार 60 किलोमीटर के लिए, और उन्होंने 3 सप्ताह तक ऐसा किया।मिचेल ने कुल मिलाकर कितने किलोमीटर किया?	860
हैलोवीन कैंडी के जो के बैग में 25 चॉकलेट बार और 80 कैंडिड सेब हैं।प्रत्येक चॉकलेट बार का वजन प्रत्येक कैंडिड सेब से दोगुना होता है।यदि प्रत्येक चॉकलेट बार का वजन 40 ग्राम है, तो ग्राम में जोए का बैग कैंडी का वजन कितना होता है?	2600
रोज सोमवार को स्टोर में गए और 4 केक खरीदे।मंगलवार को वह एक अलग स्टोर पर गई और उस संख्या के केक को तीन बार खरीदा।बुधवार को वह एक अन्य स्टोर में गई और मंगलवार को उसके द्वारा किए गए केक की संख्या 5 गुना खरीदी।सभी तीन दिनों के बाद उसने कितने केक खरीदे?	76
बीस दर्जन कप की लागत $ 1200 की कुल लागत से $ 1200 से कम $ 6000 में बेची गई है।प्रत्येक कप खरीदने की कुल लागत की गणना करें।	145
सारा खुद को एक नया जैकेट और 2 जोड़ी जूते खरीदना चाहती है।वह जैकेट की लागत $ 30 और प्रत्येक जोड़ी के जूते की लागत $ 20 है।सारा ने पड़ोसी के बच्चों को 4 बार बच्चा दिया, हर बार जब वह उन्हें दाई करता है तो $ 5 कमाता है।उसके माता -पिता उसे हर बार $ 4 का भुगतान करते हैं जब वह लॉन को मात देती है।अगर सारा ने पहले से ही $ 10 बचाया था, तो वह बच्चा सम्भालना शुरू कर देती थी, इससे पहले कि वह जैकेट और जूते खरीद सकती है, उसे कितनी बार लॉन की मौत करनी चाहिए?	10
जेरी में मुर्गियों का झुंड है।लाल मुर्गियां एक दिन में 3 अंडे का उत्पादन करती हैं, और सफेद मुर्गियां एक दिन में 5 अंडे का उत्पादन करती हैं।हर दिन जेरी 42 अंडे एकत्र करता है।यदि उसके पास लाल मुर्गियों की तुलना में दो और सफेद मुर्गियां हैं, तो उसके पास कितने लाल मुर्गियां हैं?	4
गैरी स्थानीय पार्क के किनारे पर चलना पसंद करता है, जो एक आयत है जो 6 मील की दूरी पर 1.5 मील की दूरी पर है।यदि वह 3 मील/घंटे से चलता है, तो वह कितने घंटे चलने में बिताता है?	5
डॉलर की दुकान पर रहते हुए, स्लोअन स्टोर में प्रवेश करने वाले 100 ग्राहकों की गिनती करता है।अगले दिन, वह पहले दिन की तुलना में 50 से अधिक ग्राहकों की गिनती करती है।यदि तीसरे दिन तक ग्राहकों की कुल संख्या 500 थी, तो उसने तीसरे दिन कितने ग्राहकों की गिनती की?	250
जेरी के दो पूल हैं, दोनों लीक के साथ उन्हें 4 गैलन/मिनट में खाली कर रहे हैं।4 मिनट पहले, बड़े पूल में छोटे पूल से दोगुना पानी था।अब बड़े पूल में छोटे पूल जितना पानी होता है।अब छोटे पूल में कितना पानी है?	8
लोरी $ 320.00 जोड़ी जूते और एक मिलान बेल्ट खरीदना चाहता है जो $ 32.00 है।उसकी अंशकालिक नौकरी उसे $ 8.00 प्रति घंटे का भुगतान करती है।अपनी खरीदारी करने से पहले उसे कितने घंटे काम करना होगा?	44
जेनेथ ने $ 2000 उधार लिया और अतिरिक्त 10% राशि के साथ इसे वापस करने का वादा किया।यदि वह 12 महीने के लिए प्रति माह $ 165 का भुगतान करने जा रही है, तो तब तक जेनेट का शेष शेष राशि कितनी होगी?	220
फूलदान में 4 गुलाब हैं।फूलदान में गुलाब की तुलना में 7 और दहलिया हैं।कुल मिलाकर फूलदान में कितने फूल हैं?	15
एड्रियन की उम्र हैरियट की उम्र से तीन गुना है, और हैरियट ज़ैक की आधी उम्र है।तीन साल में तीनों की औसत आयु की गणना करें यदि हैरियट अब 21 साल का है।	45
चार छात्रों ने एक बोर्ड गेम में कुल 251 अंक बनाए।नाओमी ने 68 अंक बनाए।यूरी ने 10 से अधिक अंक बनाए, क्योंकि नाओमी और ब्रायन ने नाओमी से 17 अंक अधिक अंक बनाए।जोजो ने कितने अंक बनाए?	54
एक क्रॉसवर्ड पहेली को खत्म करने के लिए कारमेन को 10 मिनट लगते हैं और सुदोकू पहेली को खत्म करने के लिए 5 मिनट लगते हैं।सप्ताहांत में उसने 3 क्रॉसवर्ड पहेली और 8 सुडोकू पहेली को हल किया।उसने इन खेलों को खेलने में कितना समय बिताया?	70
एक पानी की टंकी 120 लीटर पानी से भर जाती है।सेलीन ने टैंक से 90 लीटर पानी का इस्तेमाल अपने छोटे से बगीचे को पानी देने के लिए किया।वह तब वर्षा जल को इकट्ठा करने में सक्षम थी जो कि दोगुना है जितना बचा था।टैंक में अब कितने लीटर पानी हैं?	90
एंडी पौधे 90 गेरियम और 40 कम पेटुनीस कि गेरियम।वह कितने फूलों को कुल लगाता है?	140
एक कंपनी एक वर्ष के लिए विज्ञापन पर $ 15000 खर्च करती है, और फिर उस राशि का एक तिहाई एक और वर्ष के लिए विज्ञापन पर खर्च करती है।दो वर्षों के लिए विज्ञापन पर कंपनी की कुल राशि क्या है?	20000
कार्लोस और बेंजी समुद्र तट पर हैं।कार्लोस ने $ 30 प्रति घंटे के लिए एक डोंगी किराए पर लिया और बेनजी एक केले की नाव को $ 18 प्रति घंटे के लिए किराए पर ले।यदि कार्लोस 3 घंटे के लिए नाव का उपयोग करता है और बेनजी 5 घंटे के लिए बेड़ा का उपयोग करता है, तो वे अपने किराये के लिए कितना भुगतान करेंगे, कुल मिलाकर?	180
एंड्रयू न्यू जर्सी से रोचेस्टर तक एक सड़क यात्रा की योजना बना रहा है।न्यू जर्सी से रोचेस्टर तक कार से यात्रा करने के लिए बस से यात्रा करने में 6 दिन लगते हैं।यदि वह बस से रोचेस्टर जाने और कार द्वारा रोचेस्टर से लौटने की योजना बना रहा है, तो वह कितने दिनों की यात्रा करेगा?	9
जेम्स अपने पोकेमॉन कार्ड की गिनती कर रहा है।उनके पास 30 फायर प्रकार, 20 घास प्रकार और 40 पानी के प्रकार हैं।यदि वह पानी के प्रकार में से 8 खो देता है और 14 घास प्रकार खरीदता है, तो प्रतिशत का मौका क्या है (निकटतम पूर्णांक के लिए गोल) कि एक बेतरतीब ढंग से उठाया गया कार्ड एक पानी का प्रकार होगा?	33
चाड ने दोपहर के भोजन के लिए एक बिल्ड-योर-बूरिटो का आदेश दिया।बेस बर्टिटो $ 6.50 है।वह $ 2.00 के लिए अतिरिक्त मांस, $ 1.00 के लिए अतिरिक्त पनीर, $ 1.00 के लिए एवोकैडो और $ 0.25 प्रत्येक के लिए 2 सॉस जोड़ता है।वह अतिरिक्त $ 3.00 के लिए अपने भोजन को अपग्रेड करने का फैसला करता है जो चिप्स और एक पेय जोड़ देगा।उसके पास $ 5.00 के लिए एक उपहार कार्ड है जिसका उपयोग वह चेक आउट में करता है।वह अभी भी कितना बकाया है?	9
कलिंडा अपनी माँ के साथ 360 पीस पहेली पर काम कर रही है।कालिंडा आम तौर पर प्रति मिनट 4 टुकड़े जोड़ सकते हैं।उसकी माँ आम तौर पर कलिंडा के रूप में प्रति मिनट कई टुकड़ों को आधा रख सकती है।इस पहेली को पूरा करने में उन्हें कितने घंटे लगेंगे?	1
एक तरबूज के खेत ने 120 बेबी तरबूज का उत्पादन किया।एश्लिन दो महीने के बाद खेत में गया और पता चला कि 30% तरबूज फसल के लिए तैयार थे, इसलिए वह उन्हें घर ले गई।जब वह दो सप्ताह बाद वापस आई, तो शेष 3/4 खरबूजे तैयार थे, इसलिए उसने उन्हें काटा।दो सप्ताह के बाद कितने तरबूज काटे जाने के लिए तैयार नहीं थे?	21
मार्क अपनी कंपनी के लिए 12 कारों का एक बेड़ा खरीदता है।प्रत्येक कार $ 20,000 में बेचती है।वह कारों पर 10% कर का भुगतान करता है और फिर उनमें से प्रत्येक पर पंजीकरण के लिए एक और $ 1000।वह हर चीज के लिए कितना भुगतान करता है?	276,000
काइली और रॉबर्ट गोले इकट्ठा करने के लिए समुद्र तट पर जाने का आनंद लेते हैं।सोमवार को, काइली रॉबर्ट की तुलना में 5 और गोले इकट्ठा करती है, जो 20 गोले इकट्ठा करता है।मंगलवार को काइली सोमवार को किए गए की तुलना में 2 गुना अधिक गोले इकट्ठा करती है।काइली मंगलवार को कितने गोले इकट्ठा करते हैं?	50
डैक्स कुछ सेब लेने के लिए अपने खेत में गया और बगीचे में चींटियों के रूप में कई कीड़े के रूप में आधा पाया।यदि 50 चींटियां थीं, तो बगीचे में कीटों की कुल संख्या की गणना करें।	75
बर्फ में 36 पेंगुइन धूप सेंकते हैं।उनमें से एक तिहाई कूदते हैं और समुद्र में तैरते हैं।एक तिहाई एक तिहाई गुफा के अंदर रात का खाना खाने के लिए जाता है।कितने पेंगुइन अभी भी धूप सेंकना छोड़ रहे हैं?	12
स्टीव ने अधिक टमाटर खाना शुरू करने का फैसला किया और अपने चेरी टमाटर को बढ़ाने का फैसला किया।वह अपनी प्रेमिका से दोगुना खाता है।वह प्रति दिन 6 खाता है।यदि एक बेल प्रति सप्ताह 3 टमाटर का उत्पादन कर सकती है तो उसे कितने बेलों की आवश्यकता है?	21
जॉन ने कुछ पिज्जा को अपने दोस्तों के साथ साझा करने का आदेश दिया।कुल मिलाकर 20 दोस्त हैं, और जॉन यह सुनिश्चित करना चाहते हैं कि प्रत्येक में 4 स्लाइस हो सकते हैं।पिज्जा केवल 8 भागों में कटा हुआ बेचा जाता है।जॉन को कितने पिज्जा की आवश्यकता है?	10
राम बहुत सारे पेन का उपयोग करता है।उन्होंने पाया कि वह एक पूर्ण कलम बनाने के लिए पांच खाली पेन से स्याही को मिलाकर पैसे बचा सकते हैं।यदि वह 25 पेन खरीदता है और फिर स्याही कम होने पर नए पेन बनाने के लिए उनका उपयोग करता है, तो उसे कितने कुल पेन मिलते हैं?	31
जॉनी ने $ 20 का अपना भत्ता लिया और इसमें अतिरिक्त $ 10 जोड़ा।इसके बाद उन्होंने इस धन का निवेश किया, जो एक साल में तीन गुना हो गया।एक साल बाद उसके पास कितना पैसा था?	90
मैरी जोन से दो साल छोटी है, जो जेसा से पांच साल बड़ी है।यदि जेसा 20 साल का है, तो तीनों लड़कियों की उम्र का योग क्या है?	68
एक स्कूल हॉल में छात्रों की संख्या 1000 थी। हॉल में 3 प्रवेश द्वार ए, बी, और सी थे जो बाहर निकास के रूप में भी काम करते थे।यदि एक बैठक के बाद 30% छात्र एग्जिट ए के माध्यम से इमारत से बाहर चले गए, तो शेष के 3/5 से बाहर निकलने के माध्यम से बाहर निकले, और बाकी एग्जिट सी के माध्यम से बाहर चले गए, उन छात्रों की संख्या की गणना करें जो एग्जिट सी के माध्यम से बाहर गए थे।।	280
जेम्स के पास रॉबर्ट की तुलना में 6 और कैंडीज हैं।जॉन के पास रॉबर्ट के रूप में दोगुनी कई कैंडीज हैं।यदि जॉन के पास 54 कैंडीज हैं, तो जॉन के पास जेम्स की तुलना में कितने और कैंडीज हैं?	21
डॉली के पास दो किताबें हैं।पेंडोरा में एक है।यदि डॉली और पेंडोरा दोनों ने एक -दूसरे की पुस्तकों के साथ -साथ अपनी खुद की भी पढ़ी, तो वे कितनी किताबें सामूहिक रूप से अंत तक पढ़ेंगे?	6
माइक 5 लोगों के साथ एक पेन पाल था।उन्होंने उनमें से 2 के साथ कलम होना बंद कर दिया।वे प्रत्येक सप्ताह में 2 पत्र भेजते हैं जो 5 पृष्ठ लंबे होते हैं।वह दयालु जवाब देता है।वह हर 6 मिनट में एक पेज लिख सकता है।वह एक सप्ताह में लिखने में कितने घंटे बिताता है?	3
जेसन की प्रति माह 1000 मिनट की फोन प्लान है।हर दिन उनके पास अपने बॉस के साथ 15 मिनट की कॉल होती है, और उनके पास इस महीने के 300 अतिरिक्त मिनटों की कॉल होती है।यदि इस महीने में 30 दिन हैं तो जेसन ने कितने मिनट छोड़ दिए हैं?	250
ग्रिफिन के पास 24 फ्रांसीसी फ्राइज़ थे, लेकिन काइल ने उनमें से 5 को ले लिया।बिली ने काइल के रूप में दो बार लिया।अदरक ने ग्रिफिन को मुट्ठी भर अपने फ्राइज़ दिए, और फिर कोल्बी ने ग्रिफिन 3 से उस फ्राइज़ की संख्या से कम लिया जो काइल ने लिया था।यदि अंत में ग्रिफिन में 27 फ्राइज़ थे, तो कितने फ्राइज़ ने ग्रिफिन को ग्रिफिन दिया?	20
एक मछलीघर में 4 घोंघे और दूसरे एक्वेरियम में 32 घोंघे हैं।दो एक्वैरियम में घोंघे की संख्या के बीच का अंतर दोनों एक्वैरियम में मछली की मात्रा से दोगुना है।यदि दोनों एक्वैरियम में मछली की समान संख्या होती है, तो प्रत्येक एक्वेरियम में कितनी मछलियां होती हैं?	7
जींस मेकअप कलाकार उसे $ 250 प्रति घंटे का शुल्क लेता है।उसे एक ऐसी फिल्म के लिए बहुत महंगे मेकअप की आवश्यकता होती है, जिसमें वह होती है और प्रत्येक दिन करने में 6 घंटे लगते हैं और उसे सप्ताह में 4 बार करने की आवश्यकता होती है।फिल्म को खत्म करने में 5 सप्ताह लगते हैं।फिल्म होने के बाद मेकअप कलाकार जीन को काम की राशि के कारण 10% की छूट देता है।जीन ने कितना भुगतान किया?	27000
इसाबेल ने अपनी छोटी बहन की जन्मदिन की पार्टी के लिए पार्टी की आपूर्ति खरीदी।उसने केक के लिए सामग्री पर $ 12, जन्मदिन के उपहार पर $ 43, सजावट पर $ 15, निमंत्रण पर $ 4, और पार्टी के मेहमानों के लिए गुडी बैग पर $ 22 खर्च किए।उसने अपने दो माता -पिता के साथ समान रूप से तीन तरीके से लागत को विभाजित किया।प्रत्येक व्यक्ति ने कितने डॉलर का भुगतान किया?	32
एक शेफ ने 4 बैग प्याज खरीदे।प्रत्येक बैग का वजन 50 पाउंड है।प्याज के एक पाउंड की लागत $ 1.50 है।शेफ ने कितना खर्च किया?	300
सोमवार को, सू ने उसकी बहन के रूप में कई कुकीज़ के रूप में 4 बार खाया।मंगलवार को, उसने अपनी बहन के रूप में कई कुकीज़ के रूप में दो बार खाया।उसकी बहन ने सोमवार को 5 कुकीज़ और अगले दिन 13 कुकीज़ खाए।यदि 1 कुकी में 200 कैलोरी हैं, तो उसकी बहन की तुलना में मुकदमा कितनी अधिक है?	5,600
