Janet's eenden leggen 16 eieren per dag.Ze eet elke ochtend drie voor het ontbijt en bakt elke dag muffins voor haar vrienden met vier.Ze verkoopt de rest dagelijks op de boerenmarkt voor $ 2 per vers eend ei.Hoeveel in dollars verdient ze elke dag op de boerenmarkt?	18
Een gewaad neemt 2 bouten blauwe vezels en de helft van zoveel witte vezels.Hoeveel bouten zijn er in totaal nodig?	3
Josh besluit om een huis om te draaien.Hij koopt een huis voor $ 80.000 en levert vervolgens $ 50.000 aan reparaties in.Dit verhoogde de waarde van het huis met 150%.Hoeveel winst heeft hij gemaakt?	70000
James besluit 3 keer per week 3 sprints te laten lopen.Hij loopt 60 meter elke sprint.Hoeveel totale meters loopt hij per week?	540
Elke dag voedt Wendi elk van haar kippen drie kopjes gemengde kippenvoer, met zaden, meelwormen en groenten om ze gezond te houden.Ze geeft de kippen hun voer in drie afzonderlijke maaltijden.'S Ochtends geeft ze haar kudde kippen 15 kopjes voer.'S Middags geeft ze haar kippen nog eens 25 kopjes voer.Hoeveel kopjes feed heeft ze nodig om haar kippen te geven in de laatste maaltijd van de dag als de grootte van Wendi's kudde 20 kippen is?	20
Kylar ging naar de winkel om een bril te kopen voor zijn nieuwe appartement.Eén glas kost $ 5, maar elke tweede glas kost slechts 60% van de prijs.Kylar wil 16 glazen kopen.Hoeveel moet hij ervoor betalen?	64
Toulouse heeft twee keer zoveel schapen als Charleston.Charleston heeft 4 keer zoveel schapen als Seattle.Hoeveel schapen hebben Toulouse, Charleston en Seattle samen als Seattle 20 schapen heeft?	260
Carla downloadt een 200 GB -bestand.Normaal gesproken kan ze 2 GB/minuut downloaden, maar 40% van de weg door de download, dwingt Windows een herstart om updates te installeren, die 20 minuten duurt.Dan moet Carla de download vanaf het begin opnieuw opstarten.Hoe laden is het nodig om het bestand te downloaden?	160
John rijdt 3 uur met een snelheid van 60 km / u en draait zich vervolgens om omdat hij zich realiseert dat hij thuis iets heel belangrijks is vergeten.Hij probeert binnen 4 uur thuis te komen, maar besteedt de eerste 2 uur in stilstand.Hij besteedt het volgende half uur rijden met een snelheid van 30 km / u, voordat hij de resterende tijd van de 4 uur op 80 km / u kan besturen.Hoe ver is hij van huis aan het einde van die 4 uur?	45
Eliza's tarief per uur voor de eerste 40 uur dat ze elke week werkt, is $ 10.Ze ontvangt ook een overwerk van 1,2 keer haar reguliere uurtarief.Als Eliza deze week 45 uur werkte, hoeveel is haar inkomsten voor deze week?	460
Een nieuw programma had 60 downloads in de eerste maand.Het aantal downloads in de tweede maand was drie keer zoveel als de downloads in de eerste maand, maar vervolgens met 30% verlaagd in de derde maand.Hoeveel downloads had het programma in totaal gedurende de drie maanden?	366
Toula ging naar de bakkerij en kocht verschillende soorten gebakjes.Ze kocht 3 dozijn donuts die $ 68 per dozijn, 2 dozijn mini -cupcakes kosten die $ 80 per dozijn kosten en 6 dozijn mini -cheesecakes voor $ 55 per dozijn.Hoeveel waren de totale kosten?	694
Carlos plant een citroenboom.De boom kost $ 90 om te planten.Elk jaar zal het 7 citroenen kweken, die hij elk voor $ 1,5 kan verkopen.Het kost $ 3 per jaar om water te geven en de boom te voeden.Hoeveel jaar duurt het voordat hij geld begint te verdienen aan de citroenboom?	13
Melanie is een deur-tot-deur verkoopster.Ze verkocht een derde van haar stofzuigers in het groene huis, nog 2 aan het rode huis, en de helft van wat er in het Orange House was overgebleven.Als Melanie nog 5 stofzuigers over heeft, met hoeveel is ze begonnen?	18
In een dansles van 20 studenten schreef 20% zich in voor hedendaagse dans, 25% van de resterende ingeschreven in jazzdans en de rest die zich inschreef voor hiphopdans.Welk percentage van de hele studenten die zich inschreef voor hiphopdans?	60
Een handelaar wil een aankoopkeuze maken tussen 2 aankoopplannen: sieraden ter waarde van $ 5.000 of elektronische gadgets ter waarde van $ 8.000.Zijn financieel adviseur speculeert dat de sieradenmarkt met 2,5% zal stijgen, terwijl de elektronische gadgetsmarkt binnen dezelfde maand 1,2% zal stijgen.Als de handelaar aan het einde van deze maand de winst wil maximaliseren door een keuze te maken, hoeveel winst zou dit zijn?	125
Twee treinen verlaten San Rafael tegelijkertijd.Ze beginnen naar het westen te reizen, beiden reizen voor 80 mijl.De volgende dag reizen ze naar het noorden en dekken 150 mijl.Wat is de afstand die in de twee dagen door elke trein valt?	230
Jill krijgt $ 20 per uur om les te geven en $ 30 om een cheerleadingcoach te zijn.Als ze 50 weken per jaar, 35 uur per week werkt als leraar en 15 uur per week als coach, wat is dan haar jaarsalaris?	57500
Claire maakt elke ochtend een omelet van 3 ei om te ontbijten.Hoeveel tientallen eieren zal ze over 4 weken eten?	7
Marissa wandelt een spoor van 12 mijl.Ze duurde 1 uur om de eerste 4 mijl te lopen, daarna nog een uur om de volgende twee mijl te lopen.Als ze wil dat haar gemiddelde snelheid 4 mijl per uur is, welke snelheid (in mijlen per uur) moet ze de resterende afstand lopen?	6
Ik heb 10 liter oranje drankje die tweederde water is en ik wil het toevoegen aan 15 liter ananasdrankje dat drie vijfde water is.Maar terwijl ik het giet, morst ik een liter oranje drankje.Hoeveel water zit er in de resterende 24 liter?	15
Raymond en Samantha zijn neven en nichten.Raymond werd 6 jaar vóór Samantha geboren.Raymond had een zoon op 23 -jarige leeftijd. Als Samantha nu 31 is, hoeveel jaar geleden werd de zoon van Raymond geboren?	14
Billy verkoopt dvd's.Hij heeft dinsdag 8 klanten.Zijn eerste 3 klanten kopen elk één dvd.Zijn volgende 2 klanten kopen elk 2 dvd's.Zijn laatste 3 klanten kopen geen dvd's.Hoeveel dvd's heeft Billy dinsdag verkocht?	7
Een kaars smelt elk uur met 2 centimeter dat hij brandt.Hoeveel centimeter korter zal een kaars zijn na het verbranden van 13:00 tot 17:00 uur?	8
Kyle kocht het best verkochte boek van vorig jaar voor $ 19,50.Dit is met een korting van 25% ten opzichte van de oorspronkelijke prijs.Wat was de oorspronkelijke prijs van het boek?	26
Marie bestelde een kippenmaaltijd die $ 12, 5 pakjes melk kost die elk $ 3 kost, 4 appels die elk $ 1,50 kosten, en sommige dozen pizza.Marie betaalde in totaal $ 50.Hoeveel dozen pizza bestelde Marie als elke doos $ 8,50 kost?	2
Mishka kocht 3 paar shorts, 3 paar broeken en 3 paar schoenen.Eén paar shorts kost $ 16,50.Eén broek kost $ 22,50 en één paar schoenen kost $ 42.Hoeveel dollar heeft Mishka uitgegeven aan alle kledingartikelen?	243
Cynthia eet elke avond een portie ijs.Ze koopt dozen ijs met 15 porties ijs per doos voor een bedrag van $ 4,00 per doos.Hoeveel besteedt ze na 60 dagen aan ijs?	16
Henry maakte twee stops tijdens zijn 60-mijl fietstocht.Hij stopte voor het eerst na 20 mijl.Zijn tweede stop was 15 mijl voor het einde van de reis.Hoeveel mijl reisde hij tussen zijn eerste en tweede stops?	25
Gloria is schoenen winkelen wanneer ze een paar laarzen tegenkomt die bij haar schoenbudget passen.Ze moet echter kiezen tussen de laarzen en twee paar hoge hakken die samen vijf dollar minder kosten dan de laarzen.Als een paar hakken $ 33 kosten en de andere twee keer zoveel kost, hoeveel dollars zijn de laarzen?	104
De leeftijden van Darrell en Allen zijn in de verhouding van 7:11.Als hun totale leeftijd nu 162 is, berekent u Allen's leeftijd van 10 jaar vanaf nu.	109
Gunter probeert de jelly beans in een pot te tellen.Hij vraagt zijn vrienden hoeveel ze denken dat er in de pot zijn.De ene zegt 80. Een ander zegt 20 meer dan de helft van de eerste.Een derde zegt 25% meer dan de eerste.Wat is hun gemiddelde gok?	80
John zorgt voor 10 honden.Elke hond duurt 0,5 uur per dag om te lopen en voor hun bedrijf te zorgen.Hoeveel uur per week besteedt hij aan het zorgen voor honden?	35
Gretchen heeft 110 munten.Er zijn nog 30 gouden munten dan zilveren munten.Hoeveel gouden munten heeft Gretchen?	70
Siobhan heeft 2 minder juwelen dan Aaron.Aaron heeft nog 5 juwelen dan de helft van de juwelen van Raymond.Als Raymond 40 juwelen heeft, hoeveel juwelen heeft Siobhan?	23
Mike speelt 40 minuten pingpong.In de eerste 20 minuten scoort hij 4 punten.In de tweede 20 minuten scoort hij 25% meer punten.Hoeveel totale punten scoorde hij?	9
Terry eet 2 yoghurt per dag.Ze zijn momenteel te koop bij 4 yoghurts voor $ 5,00.Hoeveel besteedt hij gedurende 30 dagen aan yoghurt?	75
John is van plan al zijn speelgoed te verkopen en het geld te gebruiken om videogames te kopen.Hij heeft 13 LEGO -sets en hij verkoopt ze voor $ 15 per stuk.Hij koopt uiteindelijk 8 videogames voor elk $ 20 en heeft $ 5 over.Hoeveel LEGO -sets heeft hij nog?	2
John loopt 60 mijl per week.Hij rent 3 dagen per week.Hij rent 3 uur de eerste dag en half zoveel, de andere twee dagen dat hij rent.Hoe snel loopt hij?	10
Dana kan vier keer sneller met een snelheid van snelheid rennen dan ze kan lopen, maar ze kan overslaan met een snelheid van snelheid die half zo snel is als ze kan rennen.Als ze 3 mijl per uur kan overslaan, hoeveel mijl kan ze dan in zes uur reizen als ze een derde van de tijd doorbrengt en tweederde van de tijd loopt?	18
De iPhone van Brandon is vier keer zo oud als Ben's iPhone.Ben's iPhone is twee keer ouder dan de iPhone van Suzy.Als de iPhone van Suzy 1 jaar oud is, hoe oud is de iPhone van Brandon dan?	8
De Grote Dragon, Perg, zat hoog bovenop Mount Farbo en ademde vuur op alles binnen een afstand van 1000 voet.Polly kon de gouden speer, het enige bekende wapen gooien dat de draak kon slepen, voor een afstand van 400 voet, ruim binnen het bereik van de vlammen van de draak.Maar toen Polly de sapphire -edelsteen vasthield, kon ze de speer drie keer verder gooien dan wanneer ze de edelsteen niet vasthield.Als je de edelsteen vasthoudt, hoe ver zou je buiten het bereik van de vlammen van de draak Polly kunnen staan en nog steeds de draak raken met de gouden speer?	200
Oma Jones bakte 5 appeltaarten voor de lunch van de brandweerman.Ze sneed elke taart in 8 stuks en zette de vijf taarten op de buffettafel voor de gasten om zichzelf te dienen.Aan het einde van de avond, nadat de gasten hun stukken taart hadden ingenomen en gegeten, waren er nog 14 stukken taart over.Hoeveel stukken zijn door de gasten genomen?	26
Volgens de voedingsinformatie heeft een zak chips 250 calorieën per portie.Als een tas van 300 g 5 porties heeft, hoeveel gram kun je dan eten als je dagelijkse caloriedoel 2000 is en je al 1800 calorieën hebt verbruikt?	48
Charlie wil bijenwaskaarsen verkopen.Voor elk pond bijenwas kan hij 10 taps toelopende kaarsen maken.Een pond bijenwas en de lontjes kostte $ 10,00 aan benodigdheden.Als hij elke kaars elk voor $ 2,00 verkoopt, wat is dan zijn nettowinst als hij 20 kaarsen maakt en verkoopt?	20
Meredith is een freelance blogger die schrijft over gezondheidsonderwerpen en zich elke dag aan klanten onderwerpen als haar permanente baan.Een blogartikel duurt gemiddeld 4 uur om te onderzoeken en over te schrijven.Vorige week schreef ze 5 artikelen op maandag en 2/5 keer meer artikelen op dinsdag dan op maandag.Op woensdag schreef ze twee keer het aantal artikelen dat ze dinsdag schreef.Bereken het totale aantal uren dat ze in de drie dagen artikelen heb geschreven.	104
Candice stopte 80 post-it noten in haar tas voordat ze op weg was naar haar werk in de coffeeshop.Onderweg stopte ze bij de winkel en kocht een pakket post-it notes;Op het werk plaatste ze een enkele post-it noot op elk van de 220 verschillende kopjes koffie.Als ze 23 post-it notes had die in het algemeen blijven, hoeveel post-it noten waren er dan in het pakket dat ze kocht?	163
John koopt twee keer zoveel rode stropdassen als blauwe banden.De rode stropdassen kosten 50% meer dan blauwe banden.Hij besteedde $ 200 aan blauwe banden die elk $ 40 kosten.Hoeveel besteedde hij aan banden?	800
Tracy gebruikte een stuk draad van 4 voet lang om tomatenplanten in de tuin te ondersteunen.De draad werd 6 centimeter lang in stukken gesneden.Hoeveel stukken heeft ze gekregen?	8
Richard woont in een flatgebouw met 15 verdiepingen.Elke verdieping bevat 8 eenheden en 3/4 van het gebouw is bezet.Wat is het totale aantal niet -bezette eenheden in het gebouw?	30
Lloyd heeft een eierboerderij.Zijn kippen produceren 252 eieren per dag en hij verkoopt ze voor $ 2 per dozijn.Hoeveel maakt Lloyd per week eieren?	294
Het schip van Tom kan 10 mijl per uur reizen.Hij zeilt van 13 tot 16 uur.Hij reist vervolgens terug met een snelheid van 6 mph.Hoe lang duurt het voordat hij terugkomt?	5
Uriah's boekentas wordt te zwaar voor hem.Hij moet er 15 pond van verwijderen.Zijn stripboeken wegen elk 1/4 pond en zijn speelgoed wegen elk 1/2 pond.Als hij 30 stripboeken verwijdert, hoeveel speelgoed moet hij dan verwijderen?	15
Een monteur brengt verschillende tarieven in rekening om de banden van vrachtwagens en auto's te repareren.Voor elke gerepareerde vrachtwagenband zal de monteur $ 60 in rekening brengen en voor elke gerepareerde autobands rekent de monteur $ 40.Op donderdag repareert de monteur 6 vrachtwagenbanden en 4 autobanden.Op vrijdag repareert de monteur 12 auto's en repareert geen vrachtwagenbanden.Hoeveel meer inkomsten verdiende de monteur op de dag met hogere inkomsten?	40
De Doubtfire -zusters rijden naar huis met 7 kittens geadopteerd uit het lokale dierenasiel wanneer hun moeder belt om hen te informeren dat hun twee huiskatten net kittens hebben gehad.Ze zegt dat fragmentarische, de eerste kat, driemaal het aantal geadopteerde kittens heeft gehad, terwijl Trixie, de andere kat, 12 heeft gehad. Hoeveel kittens heeft de familie -familie nu?	40
Jean heeft 30 lollies.Jean eet 2 van de lolly's.Met de resterende lolly's wil Jean 2 lollies in één tas verpakken.Hoeveel tassen kan Jean vullen?	14
Peter is van plan deze week naar de film te gaan.Hij krijgt altijd een kaartje voor $ 7 en popcorn voor $ 7.Als hij voor de week 42 dollar heeft, hoe vaak kan hij dan naar de film gaan?	3
Een houten brug kan niet meer dan 5000 pond dragen.Een bezorgwagen gevuld met identieke dozen, elk met een gewicht van 15 pond, gaat over de brug.Het gecombineerde gewicht van de bestuurder en de lege vrachtwagen is 3755 pond.Wat is het maximale aantal dozen dat op de vrachtwagen kan worden geladen, zonder de gewichtslimiet van de brug te overschrijden?	83
Stephen plaatste een online bestelling voor boodschappen.Zijn laatste rekening kwam op $ 40,00.Omdat dit via een bezorgleverancier was, trokken ze een vergoeding van 25% aan zijn uiteindelijke totaal en brachten hem $ 3,00 aan bezorgkosten in rekening.Stephen heeft ook een tip van $ 4,00 toegevoegd.Wat was de uiteindelijke prijs van Stephen's boodschappen na de extra kosten?	57
Een frambozenbush heeft 6 clusters van elk 20 fruit en 67 individueel fruit verspreid over de struik.Hoeveel frambozen zijn er in totaal?	187
Een mand bevat 25 sinaasappels waaronder 1 slecht, 20% is onrijp, 2 zijn zuur en de rest is goed.Hoeveel sinaasappels zijn goed?	17
Janet koopt een broche voor haar dochter.Ze betaalt $ 500 voor het materiaal om het te halen en vervolgens nog eens $ 800 voor de juwelier om het te bouwen.Daarna betaalt ze 10% daarvan om het verzekerd te krijgen.Hoeveel heeft ze betaald?	1430
Als Marcy 40 jaar voor hetzelfde bedrijf werkt, krijgt ze een jaarlijks pensioen van $ 50.000/jaar.Vanaf na 20 jaar wordt ze recht op 5% van de waarde van het pensioen per jaar.Als ze na 30 jaar stopt, wat is dan haar jaarlijkse pensioen?	25000
Aleena abonneerde zich op een streamingdienst die haar $ 140 per maand in rekening brengt.Als het streamingbedrijf haar het oorspronkelijke bedrag voor de eerste helft van het jaar in rekening bracht en vervolgens haar 10% minder geld op de andere helft van het jaar in rekening bracht, berekent u het totale bedrag dat ze tegen het einde van het jaar voor de streamingdienst had betaald.	1596
Sophia denkt erover om een roadtrip in haar auto te maken en wil graag weten hoe ver ze op een enkele tank gas kan rijden.Ze heeft 100 mijl gereisd sinds ze voor het laatst haar tank vulde, en ze moest 4 gallons gas doen om het opnieuw te vullen.De handleiding van de eigenaar voor haar auto zegt dat haar tank 12 liter gas bevat.Hoeveel mijl kan Sophia op een enkele tank gas rijden?	300
Jim besteedt 2 uur tv en besluit dan naar bed te gaan en leest voor half zo lang.Hij doet dit 3 keer per week.Hoeveel uur besteedt hij op tv en lezen over 4 weken?	36
Er zijn vier scholen die concurreren op een basketbaltoernooi.Elke school heeft een basketbalteam voor meisjes en een basketbalteam voor jongens gestuurd en elk team heeft elk 5 spelers.Elke school heeft ook een coach gestuurd voor elk team.Hoeveel mensen hebben in totaal alle scholen verzonden?	48
Een schat die een begraven schatkist gevuld met edelstenen vond.Er waren 175 diamanten, 35 minder robijnen dan diamanten, en tweemaal het aantal smaragden dan de robijnen.Hoeveel edelstenen waren er in de borst?	595
Er zijn twee keer zoveel jongens als meisjes op de school van Dr. Wertz.Als er 60 meisjes en 5 studenten voor elke leraar zijn, hoeveel leraren zijn er dan?	36
Bailey begint met een bepaald bedrag.Dan ontvangt ze een wekelijkse vergoeding van $ 5 gedurende 8 weken.Aan het einde van de 8 weken, als ze in totaal $ 100 heeft, met hoeveel geld begon Bailey?	60
Judy geeft elke dag 5 danslessen op de weekdagen en 8 lessen op zaterdag.Als elke klas 15 studenten heeft en ze $ 15,00 per student in rekening brengt, hoeveel geld verdient ze dan in 1 week?	7425
Kelian heeft twee recepten voor het bereiden van gerechten, één met 20 instructies en de tweede heeft twee keer zoveel instructies als de eerste.Hoeveel instructies moet Kelian lezen om de twee gerechten te bereiden?	60
Tommy is fondsenwerving voor zijn goede doel door Brownies te verkopen voor $ 3 per plak en cheesecakes voor $ 4 per plak.Als Tommy 43 brownies en 23 plakjes cheesecake verkoopt, hoeveel geld werpt Tommy dan in?	221
Shiela kocht vijf mobiele telefoons voor $ 150 per stuk voor een aflevering van 3 maanden.Voor elke eenheid wordt een rente van 2% in rekening gebracht.Hoeveel betaalt Shiela elke maand voor 3 maanden?	255
Artie heeft een bloemstand op de boerenmarkt.Hij verkoopt drie soorten bloemen: goudsbloemen, petunias en startonias.Hij verkoopt meestal goudsbloemen voor $ 2,74 per pot, Petunias voor $ 1,87 per pot en Begonias voor $ 2,12 per pot.Artie is vandaag niet veranderd, dus heeft hij besloten al zijn prijzen naar de dichtstbijzijnde dollar af te ronden.Als Artie 12 potten met goudsbloemen, 9 potten petunias en 17 potten begonnen verkoopt, hoeveel zal hij dan verdienen?	88
Luke brengt tijd door in het strandgebouw Sandcastles.Hij merkt uiteindelijk dat elk niveau van een zandcastle de helft van de vierkante meters zal hebben als het niveau eronder.Als hij een 4 -genivelleerde zandcastle maakt waar het hoogste niveau een vierkante meters van 16 heeft, wat is dan de gemiddelde vierkante meters van een niveau?	60
Cecilia heeft zojuist een nieuwe puppy gekocht.Volgens haar dierenarts moet ze de eerste 180 dagen elke dag de puppy 1 kop hondenvoer voeden.Dan moet ze de puppy 2 kopjes hondenvoer elke dag voor de rest van zijn leven voeren.Als een zak hondenvoer 110 kopjes bevat, hoeveel zakken hondenvoer zal Cecilia het eerste jaar gebruiken?	5
Als Raymond half zoveel wasgoed doet als Sarah, en Sarah 4 keer zoveel wasserij doet als David, bereken het verschil in de hoeveelheid wasruimte Raymond en David als Sarah 400 pond wasserij doet.	100
Vincent kan bloemen in pakketten van 3 kopen voor $ 2,50 of in pakketten van 2 voor $ 1.Hoeveel geld bespaart hij door 18 bloemen te kopen tegen de betere prijs?	6
John adopteert een hond.Hij neemt de hond mee naar de trimmer, die $ 100 kost.De trimmer biedt hem een korting van 30% om een nieuwe klant te zijn.Hoeveel kost de verzorging?	70
Twee meisjes kregen elk 1/6 van de 24 liter water.Toen kreeg een jongen 6 liter water.Hoeveel liter water is er over?	10
Charlie had 10 stickers.Hij kocht 21 stickers uit een winkel in het winkelcentrum en kreeg 23 stickers voor zijn verjaardag.Toen gaf Charlie 9 van de stickers aan zijn zus en gebruikte 28 om een wenskaart te versieren.Hoeveel stickers heeft Charlie nog over?	17
Grace weegt 125 pond.Alex weegt 2 pond minder dan 4 keer wat Grace weegt.Wat zijn hun gecombineerde gewichten in ponden?	623
Dan Plants 3 Rose Struiken.Elke rozenstruik heeft 25 rozen.Elke roos heeft 8 doornen.Hoeveel doornen zijn er in totaal?	600
Een voetbalteam speelde 22 wedstrijden.Ze wonnen 8 meer dan ze verloren.Hoeveel hebben ze gewonnen?	15
Gene naait een quilt uit oude souvenir T-shirts.Hij heeft één shirt van elke vakantie waar hij op is geweest.Elk shirt is zijn eigen quiltblok.Elke rij is gemaakt van blokken van een ander jaar van vakanties.Hij gaat op vier vakanties per jaar en is op vakantie geweest sinds hij 23 jaar oud was.Hij is nu 34. Hoeveel quiltblokken heeft hij in totaal?	44
Greg heeft een alarm ingesteld om drie keer per dag te klinken als herinnering.Wanneer het alarm afgaat, blijft het rinkelen totdat Greg het uitschakelt.De eerste keer dat het vandaag afging, belde het vier keer.De tweede keer dat het afging, ging het drie keer zo lang als de eerste keer.De derde keer ging het half zo lang als de tweede keer.Hoe vaak klonk de alarm?	22
Een bedrijf betaalt elk van zijn werknemers $ 600 in een maand.Het bedrijf heeft een beleid om de salarissen van elk van zijn werknemers elk jaar met 10% van het oorspronkelijke salaris te vergroten voor degenen die vijf jaar in het bedrijf zijn gebleven.Als Sylvie afgelopen december net 5 jaar in het bedrijf heeft geklokt, wat is dan haar jaarsalaris na nog drie jaar dienst?	9360
Marilyn's eerste record verkocht 10 keer zoveel exemplaren als Harald's.Als ze 88.000 exemplaren gecombineerd verkochten, hoeveel exemplaren heeft Harald dan verkocht?	8000
Christina plant een verjaardagsfeestje en heeft .75 cadeauzakken nodig per uitgenodigde gast, omdat 1/4 van de aanwezigen niet verschijnt.Ze nodigde 16 vrienden uit.Geschenktassen zijn elk $ 2.Hoeveel zal ze uitgeven?	24
Ted de T-Rex was van plan om aardappelsalade naar de dinosauruspicknick te brengen.Hij weet dat een volwassen dinosaurus 10 pond aardappelsalade zal eten, en een kind zal half zoveel eten als een volwassene.Als er 20 volwassenen en 5 kinderen zullen zijn bij de picknick, hoeveel pond aardappelsalade moet Ted naar de picknick brengen als hij hoopt genoeg te hebben om iedereen te voeden?	225
Jan heeft drie keer het aantal huisdieren als Marcia.Marcia heeft nog twee huisdieren dan Cindy.Als Cindy vier huisdieren heeft, hoeveel huisdieren hebben de drie dan?	28
Emily heeft 4 kinderen genaamd Amy, Jackson, Corey en James.Amy is 5 jaar ouder dan Jackson en 2 jaar jonger dan Corey.Als James 10 is en 1 jaar jonger is dan Corey, hoe oud is Jackson dan?	4
Lee kon vroeger de 400-meter horden twee seconden sneller uitvoeren dan Gerald de horden van 400 meter zou uitvoeren.Maar Gerald veranderde zijn dieet, dat zijn snelheid met 10%verbeterde.Als Lee de 400-meter horden in 38 seconden uitvoert, hoe snel kan Gerald, met zijn verbeterde dieet, de horden van 400 meter binnen enkele seconden uitvoeren?	36
In een buurt is het aantal konijnen huisdieren twaalf minder dan het gecombineerde aantal honden en katten.Als er twee katten zijn voor elke hond en het aantal honden 60 is, hoeveel huisdieren zijn in totaal in de buurt?	348
Van de 200 graad 5 studenten zijn 2/5 jongens en 2/3 van de meisjes zitten in de Girl Scout.Hoeveel meisjes zitten er niet in de Girl Scout?	40
Harry sliep gisteravond 9 uur.Zijn vriend James sliep slechts 2/3 van wat Harry sliep.Hoeveel uren heeft Harry nog geslapen dan James?	3
Wanneer Freda ingeblikte tomaten in saus kookt, verliezen ze de helft van hun volume.Elke 16 ounce blik tomaten die ze gebruikt, bevat drie tomaten.Freda's laatste reeks tomatensaus gemaakt 32 ons saus.Hoeveel tomaten heeft Freda gebruikt?	12
Auto's zijn opgesteld op de snelweg.Sommige auto's rijden door in de eerste 15 minuten van de file en dan 20 auto's rijden door in de resterende 15 minuten van de jam.5 auto's van de lijn nemen een uitgang zodat ze niet door de file hoeven te rijden.Als er oorspronkelijk 30 auto's op de snelweg waren, hoeveel auto's reden dan in de eerste 15 minuten door de file?	5
Mary is een fervent tuinman.Gisteren ontving ze 18 nieuwe potplanten van haar favoriete plantenkwekerij.Ze heeft al 2 potplanten op elk van de 40 raamrichtingen van haar grote landhuis.Ze voelt zich vrijgevig en heeft besloten dat ze morgen 1 potplant van elke richel aan vrienden en familie zal geven.Met hoeveel potplanten zal Mary blijven?	58
Jerome had 4 vrienden die hem op een bepaalde dag kwamen bezoeken.De eerste vriend drukte 20 keer op de deurbel voordat Jerome opende, de tweede vriend drukte 1/4 keer meer op de deurbel dan de eerste vriend van Jerome.De derde vriend drukte 10 keer meer op de deurbel dan de vierde vriend.Als de vierde vriend 60 keer op de deurbel drukte, hoeveel deurbelringen heeft de deurbel gemaakt?	175
Solo moet 4 pagina's lezen uit zijn wetenschapsboek, 20 pagina's uit zijn leerboek voor sociale studies, 7 pagina's uit zijn geschiedenisboek en 8 pagina's uit zijn geografische tekstboek.Solo lees maandag 15 pagina's.Als hij nog 4 dagen heeft om al zijn lezen te voltooien, hoeveel pagina's moet hij dan gemiddeld op één dag lezen?	6
John houdt ervan om een glas water te hebben met ontbijt, lunch en diner.Eindelijk heeft hij er een voordat hij ook naar bed gaat.John doet dit elke weekdag, maar in het weekend houdt hij graag ontspannen en heeft hij in plaats daarvan een frisdrank met diner.Hoeveel glazen water drinkt John in een week?	26
Een mistbank rolt vanuit de oceaan binnen om een stad te dekken.Het duurt 10 minuten om elke 3 mijl van de stad te dekken.Als de stad 42 mijl ligt tegenover de oceaan naar de tegenovergestelde binnenrand, hoeveel minuten duurt het voordat de mistbank de hele stad bedekt?	140
Poppy lost een 1000-delige puzzel op.Ze plaatst een kwart van de stukken op het bord, dan plaatst haar moeder een derde van de resterende stukken.Hoeveel stukken uit de jigsaw nog worden er overgebleven?	500
Cody eet drie keer zoveel koekjes als Amir eet.Als Amir 5 koekjes eet, hoeveel koekjes eten ze allebei samen?	20
John heeft 3 dozen.Elke doos is 5 inch bij 6 inch bij 4 inch.De wanden zijn 1 inch dik.Wat is het totale innerlijke volume van alle 3 dozen?	72
Frankie kijkt tv nadat hij zijn huiswerk elke avond heeft voltooid.Op maandag en dinsdag keek hij elke avond een aflevering van 1 uur van zijn favoriete show.Op woensdag keek hij een paar afleveringen van een show van 30 minuten.Op donderdag eindigde hij vroege huiswerk en keek hij naar een aflevering van 1 uur en een show van 30 minuten.Op vrijdag moest hij laat opblijven voor het weekend, dus keek hij naar twee afleveringen van 1 uur.Als hij in totaal 7 uur tv keek, hoeveel afleveringen van 30 minuten heeft hij woensdag gekeken?	3
Henry maakt koekjes voor een lokale bakwedstrijd.Hij wil twee keer zoveel maken als vorig jaar.Wanneer hij klaar is met bakken, beseft hij dat hij eigenlijk nog 15 koekjes heeft gebakken dan hij wilde.Hij laat 5 van zijn koekjes vallen terwijl hij ze uitzet om af te koelen, en heeft nu in totaal 110 koekjes.Hoeveel koekjes bakte Henry vorig jaar?	50
Een lokaal benzinestation verkoopt gas voor $ 3,00 per gallon.Een app -bedrijf biedt $ .20 cashback per gallon als u op dit station voldoet.Als iemand 10 gallons gas koopt, hoeveel zijn dan met zijn gas, na de cashback -beloningen?	28
Marcell en Beatrice hebben een wedstrijd om te zien wie de meeste fruitrollen kan eten, dus zerollen ze er zoveel als ze kunnen vinden.Helaas maakt iemand een fout en was Beatrice's twee rollen breed en 24 rollen lang terwijl Marcell's 3 roll-ups breed waren en 14 roll-ups lang.Als ze allebei hun hele bedrag aten, hoeveel hebben ze dan gemiddeld gegeten?	45
Julia's boot sprong een lek terwijl ze op het meer was.De boot nam twee liter water aan voor elke tien voet die ze terugging naar de kust.Het duurde zestien seconden om twintig voet te rijen.De kust was 64 seconden verwijderd.Hoeveel water had de boot aangenomen tegen de tijd dat Julia de kust bereikte?	16
Een klaslokaal heeft een whiteboard dat wordt gedeeld tussen de 4 leraren die om de beurt het klaslokaal gebruiken.Elke leraar heeft 2 lessen per dag en gebruikt het whiteboard in elke les.Als het whiteboard 3 keer per les wordt gereinigd, hoe vaak wordt het whiteboard dan op een dag gereinigd?	24
Ryan plant 2 bloemen per dag in zijn tuin.Hoeveel bloemen heeft hij na 15 dagen als 5 niet groeide?	25
De telefoon van Jamal kan 6 keer meer foto's bevatten dan de telefoon van Bretagne.Het maximale aantal foto's dat de telefoon van Bretagne kan bevatten is 50 keer meer dan het aantal vogels in Jamal's foto van de eenden in de dierentuin.Als de telefoon van Jamal 1800 foto's kan bevatten, hoeveel eenden zijn dan te zien in Jamal's foto van eenden in de dierentuin?	6
Sasha merkt dat de prijzen voor hout de afgelopen maanden met 50% zijn gestegen nadat ze wat hout heeft gekocht.Omdat ze restjes heeft, besluit ze ze te verkopen.Ze heeft overgebleven tien 2 x 4 x 10 boards die haar elk $ 10 kosten.Ze heeft ook vijf 4 x 4 x 10 boards die ze kocht voor $ 16 per stuk.Als ze ze allemaal verkoopt, hoeveel winst maakt ze dan?	90
Katy maakt koffie met behulp van theelepels suiker en kopjes water in de verhouding van 7:13.Als ze in totaal 120 theelepels suiker en kopjes water gebruikte, bereken dan het aantal theelepel suiker dat ze gebruikte.	42
John koopt 2 paar schoenen voor elk van zijn 3 kinderen.Ze kosten elk $ 60.Hoeveel heeft hij betaald?	360
Een douanebeambte in de belangrijkste haven van zeespoelingen telde 2 containers van geïmporteerde voertuigen, elk met 5 voertuigen erin.De volgende dag werden meer containers binnengebracht en het totale aantal voertuigen in de haven werd 30. Bereken het aantal containers dat op de tweede dag werd geïmporteerd, ervan uitgaande dat alle containers 5 voertuigen bevatten.	4
Het totale salaris van Adrien was 30 procent hoger dan dat van Lylah.Vier jaar later was zijn salaris toegenomen en verdiende hij 40% meer dan wat hij vier jaar geleden maakte.Als het salaris van Adrien en Lylah tegelijkertijd toeneemt en Adrien vier jaar geleden $ 40000 verdiende, berekende het totale salaris dat de twee vier jaar later ontvingen?	95200
Miguel gebruikt 2 pads papier per week voor zijn tekening.Als er 30 vellen papier op een papierklok zijn, hoeveel vellen papier gebruikt hij dan elke maand?	240
Morisette en Kael werden gevraagd om fruit te brengen.Morisette bracht 5 appels en 8 sinaasappels, terwijl Kael tweemaal de hoeveelheid appels en de helft van het aantal sinaasappels bracht dan Morisette.Hoeveel fruit hebben ze in totaal?	27
Sadie sliep maandag 8 uur.De volgende twee dagen sliep ze elk 2 uur minder, omdat ze enkele opdrachten moest voltooien.Als ze de rest van de week 1 uur meer dan die twee dagen sliep, hoeveel uur heeft ze de hele week in totaal geslapen?	48
Rosie kan 3 uur 10 mijl per uur lopen.Daarna loopt ze 5 mijl per uur.Hoeveel mijl kan ze over 7 uur lopen?	50
Jennie helpt op het kantoor van haar moeder.Ze heeft een stapel van 60 letters die postzegels nodig hebben en een stapel letters die al zijn gestempeld.Ze zet postzegels op een derde van de letters die postzegels nodig hebben.Als er nu 30 letters in de stapel reeds gestempelde letters zijn, hoeveel zaten er dan in die stapel toen Jennie begon?	10
Julia was aan het voorbereiden op een etentje in haar huis, waar ze van plan was Stew te serveren.Ze merkte dat ze geen plastic lepels meer had, dus kocht ze een nieuw pakket lepels.Later kocht haar man ook een pakket van 5 nieuwe lepels en gaf ze aan Julia.Terwijl Julia de stoofpot maakte, gebruikte ze drie van de lepels om haar stoofpot te proeven.Later, toen ze de tafel ging zetten, had ze in totaal 12 lepels.Hoeveel lepels zaten er in het pakket dat Julia kocht?	10
Dylan had kipworsten en visworsten nodig om worstbroodjes te maken op een feestje.Hij kocht 38 kippenworsten en nog 6 visworsten dan kippenworsten.Hoeveel worstjes heeft Dylan in alles gekocht?	82
Na de overstap naar een nieuwe school maakte Amy 20 meer vrienden dan Lily.Als Lily 50 vrienden heeft gemaakt, hoeveel vrienden hebben Lily en Amy samen?	120
Well's moeder verkoopt watermeloenen, paprika's en sinaasappels in de plaatselijke winkel.Een watermeloen kost drie keer wat elke peper kost.Een sinaasappel kost 5 minder dan wat een watermeloen kost.Dillon wordt naar de winkel gestuurd om 4 watermeloenen, 20 pepers en 10 sinaasappels te kopen.Wat is het totale bedrag dat hij zal uitgeven als elke peper 15 $ kost?	880
Een ziekenhuis ziet 500 mensen per dag.Elke patiënt wordt gemiddeld 24 minuten gezien.De artsen brengen $ 150 per uur in rekening aan het ziekenhuis en het ziekenhuis rekent de patiënten $ 200 per uur in rekening.Hoeveel winst maakt het ziekenhuis van deze bezoeken?	10000
Nissa huurt 60 seizoensarbeiders in om elfen te spelen in het Santa Village van haar warenhuis.Een derde van de elfen stopte nadat kinderen over hen hebben overgegeven, daarna stopten 10 van de overgebleven elfen nadat kinderen hun schenen schoppen.Hoeveel elfen zijn er over?	30
De uitgaven van Joseph in mei waren $ 500.In juni waren zijn uitgaven $ 60 minder.Hoeveel waren zijn totale uitgaven voor die twee maanden?	940
Pam en Fred gingen naar een carnaval.Pam reed 2 keer op de achtbaan terwijl Fred er 4 keer op reed.Daarna besloot elk van hen 2 keer met de rodel te rijden.Als elke rit 6 tickets kostte, hoeveel tickets hebben ze die dag gebruikt?	60
Op maandag liep Walt 4 mijl.Dinsdag liep hij 6 keer zoveel mijlen als hij op maandag liep.Zijn totale kilometerstand van maandag tot en met woensdag was 41 mijl.Hoeveel mijl liep hij op woensdag?	13
Tom krijgt 4 carwashen per maand.Als elke carwash $ 15 kost, hoeveel betaalt hij in een jaar?	720
Brian's vriend Bobby heeft 5 minder dan 3 keer zoveel videogames als Brian.Als Brian 20 videogames heeft maar 5 verloor vlak voordat de vergelijking werd gemaakt, hoeveel heeft Bobby dan?	40
Er zijn nog 27 eenhoorns over in de wereld.Een derde van hen is in de Schotse hooglanden.Tweederde van de Schotse eenhoorns zijn vrouwelijk.Hoeveel vrouwelijke Schotse eenhoorns zijn er?	6
Rory bestelt 2 subs voor $ 7,50 per stuk, 2 zakken chips voor $ 1,50 per stuk en 2 cookies voor $ 1,00 elk voor levering.Er is een bezorgkosten van 20% toegevoegd bij het uitchecken en ze wil een tip van $ 5,00 toevoegen.Wat kost haar leveringsbestelling?	29
Mark heeft gisteren een test gedaan die uit 75 vragen bestond.Hij voltooide de test met een tarief van 5 vragen per uur.Vandaag deed hij nog een test van 100 vragen in hetzelfde tempo.Als Mark 8 uur had om de eerste test te voltooien en 6 uur om de tweede te voltooien, hoeveel vragen is hij dan onvolledig gelaten?	105
In een snoepmachine zijn er 22 meer dan vier keer het aantal roze gumballs omdat er blauwe gumballs zijn.Als er 12 Blue Gumballs zijn, hoeveel roze zijn er?	70
Van de 20 beschikbare auto's te huur, zijn er 12 automatische auto's, 4 zijn handmatige auto's en de rest zijn semi-automatisch.Welk percentage van de auto's is semi-automatisch?	20
Er zijn 700 bijen in een bijenkorf.Er zijn twee keer zoveel werkbijen als babybijen, en er zijn twee keer zoveel baby's als koninginnen.Hoeveel werknemers bijen zijn er?	400
Jordan speelt elke dag 2 uur videogames.Hij heeft ook een parttime baan waar hij $ 10 per uur verdient.Hoeveel geld zou Jordan in een week verdienen als hij in plaats daarvan zijn videogame -tijd doorbracht?	140
John koopt melk voor 2 dollar, eieren voor 3 dollar, gloeilampen voor 3 dollar, kopjes voor 3 dollar en kuiters voor 4 dollar.Als er een belasting van 10% is op alle niet -voedingsartikelen, hoeveel heeft alles gekost.	16
Kim is begonnen met zijn eigen huishoudenbedrijf en berekent hoeveel winst hij van zijn klanten zal maken.Hij heeft al 3 klanten, maar praat met nog eens 5 potentiële klanten en voelt zich zelfverzekerd genoeg om ze in zijn berekeningen op te nemen.Het huis van elke klant heeft 2 flessen bleekmiddel en een pak doeken nodig om schoon te maken.Flessen bleekmiddel kosten elk $ 2 en pakjes doeken kosten elk $ 5.Dit zijn zijn enige uitgaven.Hij berekent dat zijn totale inkomen elke week $ 92 zal zijn.Winst is het verschil tussen de totale inkomsten en de totale kosten, dus hoeveel winst, in dollars, zal Lucas elke week verdienen?	20
John heeft 10 hectare van een ananasveld.Er zijn 100 ananas per hectare.John kan zijn ananas om de 3 maanden oogsten.Hoeveel ananas kan John binnen een jaar oogsten?	4000
Johnny pakt het speelgoed op de vloer van zijn kamer.Hij had een LEGO -box -set met 500 stukken op de vloer gedumpt, en een andere die 3 keer meer stukken had dan de 500 -stuks één, en een andere die 1/4 het aantal stukken had.Hoeveel blokken haalt Johnny op als hij alle Legos opneemt?	2,125
Debra volgt een bijenkorf om te zien hoeveel bijen binnen een dag komen en gaan.Ze ziet 30 bijen de bijenkorf verlaten in de eerste 6 uur, en dan ziet ze 1/2 dat veel bijen in de komende 6 uur terugkeren.Ze ziet twee keer zoveel bijen als ze de bijenkorfvlieg uit de bijenkorf zag en in de komende 6 uur vertrekt.Toen keerde elke bij die nog niet was teruggekeerd, keert terug naar de bijenkorf in de komende 6 uur.Hoeveel bijen zag Debra de laatste 6 uur van de dag terugkeren naar de bijenkorf?	75
Bretagne en haar moeder gaan naar het museum.De toegangskosten zijn $ 12 voor volwassenen en $ 10 voor kinderen.De moeder van Brittany geeft de kassier geld voor 1 kinderticket en 1 volwassen ticket.Als ze $ 8 aan verandering ontving, hoeveel geld, in dollars, heeft ze de kassier gegeven?	30
Charlie heeft drie keer zoveel Facebook -vrienden als Dorothy.James heeft vier keer zoveel vrienden op Facebook als Dorothy.Als Charlie 12 vrienden heeft op Facebook, hoeveel Facebook -vrienden heeft James dan?	16
Steve en Tim besluiten om te zien wie het snelst van school thuis kan komen.Steve woont verder weg dan Tim, dus hij mag op zijn fiets rijden.Steve woont 3 mijl van de school en kan fietsen met 440 voet per minuut.Tim woont 2 mijl verwijderd van de school.Als Tim met 264 voet per minuut op zijn skateboard kan rijden, hoe lang zal de winnaar dan in hun huis wachten voordat de verliezer de race beëindigt?	4
Shawnda besluit dat haar buurtkinderen echt een fietsinflatie kunnen gebruiken.Ze besluit dat de beste manier om op te laden is door de band.Elke band kost 25 cent om op te blazen.Op de eerste dag kwamen er 5 mensen op fietsen langs om beide banden op te blazen.3 mensen kwamen langs om al hun driewielerbanden op te blazen.Eindelijk kwam er één persoon langs een eenwieler.Hoeveel dollar heeft ze die dag gehaald?	5
Carl koopt tien pakjes koekjes.Elk pakje koekjes heeft zes koekjes erin.Elke cookie kost $ 0,10.Hoeveel verandering ontvangt Carl als hij betaalt met een rekening van $ 10?	4
Dave kocht een groot pakje frietjes en at veertien voordat een hongerige zeemeeuw het roedel uit zijn hand stal.Toen de zeemeeuw landde, sloeg hij de helft van de hoeveelheid frietjes die Dave at.Toen pestten drie duiven hem weg van het voedsel en elke duif at drie friet.Later stal een wasbeer tweederde van de resterende friet.Mieren voerden een laatste friet uit en lieten vijf achter.Hoeveel friet zaten er in het peloton toen Dave het kocht?	48
Op maandag, woensdag en vrijdag heeft student Kimo elke dag drie lessen van 1 uur.Op dinsdag en donderdag heeft hij elke dag twee klassen van 2 uur.In één semester zijn er 16 weken school.Hoeveel uren brengt Kimo in één semester door met het volgen van lessen?	272
Bill Bakes 300 Rolls, 120 Chocolate Croissants en 60 stokbakken elke dag.Elke rol is 4 centimeter lang, elke croissant is 6 centimeter lang en elk stokbrood is twee voet lang.Als Bill alle gebakken producten van eind tot eind zet, hoe lang zijn ze dan in voeten?	280
De Zookeeper voedt alle apen in de dierentuin.Hij bestelt alle bananen elke 2 maanden van een lokale boerderij.Als de apen 200 bananen nodig hebben, hebben de gorilla's 400 bananen nodig en de bavianen hebben elke maand 100 bananen nodig, hoeveel bananen moet hij dan 2 maanden duren?	1400
Blake en Kelly hebben een wedstrijd om te zien wie het meest in 15 minuten kan lopen.Ze besluiten het te doen op een voetbalveld dat 100 meter lang is.Blake rent 15 keer heen en weer.Kelly rent een keer heen en weer en besluit dan dat ze niet naast Blake wil rennen, dus begint ze naar de 40-yard lijn en terug te rennen.Ze doet dit 34 keer.Hoeveel verder loopt de winnaar dan de verliezer?	80
Raphael ging wat schoolbenodigdheden kopen.Hij kocht 4 pennen die elk $ 1,5 kosten, 2 notebooks die elk $ 4 kosten, en een rand van obligatiepapier die $ 20 kost.Hoeveel heeft Raphael alles uitgegeven?	34
Finn kijkt naar 11 kikkervisjes die in de vijver zwemmen.Plots ziet hij er 6 van hen uitkomen die zich onder een leliekussen verstoppen, dan ziet hij er 2 van hen verstoppen onder een rots.Hoeveel kikkervisjes kunnen Finn nu in de vijver zien?	15
Een tank water heeft maandag een diepte van 17 voet.Op dinsdag had de tank 7 voet meer water.Op woensdag is de diepte van het water tweederde van wat het dinsdag was.Wat is de waterdiepte van de tank op woensdag?	16
Anakin en Locsin gingen vandaag naar het strand.Anakin ving 10 zeester, 6 zeepaarden en 3 clownvis.Terwijl Locsin 5 minder zeester ving dan Anakin, 3 minder zeepaarden dan Anakin, en nog 2 clownfish dan Anakin.Hoeveel vissen konden ze vangen?	32
Als een zak met knikkers $ 20 kost en de prijs om de twee maanden met 20% van de oorspronkelijke prijs stijgt, hoeveel zou een zak met knikkers na 36 maanden kosten?	92
In een kamer zijn er verschillende speelgoed: 5 rode auto's, 3 actiefiguren en een pop.De pop kostte maar liefst 3 actiefiguren en één rode auto kostte $ 4.Hoeveel is allemaal speelgoed waard, van een actiefiguur kost $ 5?	50
Jackie probeert te beslissen of ze haar belastingen zelf wil doen of een accountant inhuurt.Als ze zelf de belastingen doet, kan ze 3 minder uren freelance werk doen en $ 35/uur aan gemist inkomen verliezen.De accountant rekent $ 90.Hoeveel meer geld zal ze hebben als ze de accountant inhuurt?	15
Voor zijn 30e verjaardag koos Elvira een nieuwe computer met veel accessoires als een geschenk.Ze heeft een budget van € 1500 geschonken door haar hele familie en denkt dat ze een beetje geld kan houden om een kledingstuk te betalen.Ze gaat naar een computerwinkel en kiest een machine die € 1090 kost met een scherm, toetsenbord en muis.Ze neemt ook een scanner voor € 157, een CD -brander ter waarde van € 74 en een printer voor € 102.Hoeveel geld heeft ze nog voor haar kleding?	77
Sandra's buurman geeft haar een mand van 9 eieren elke keer dat ze op hun dochter babysit.Om een Spaanse flan te maken, heeft ze 3 eieren nodig.Als Sandra de opdracht heeft om 15 Spaanse flans te maken voor haar schoolfondsenwerver, hoe vaak moet Sandra dan op babysiteren?	5
Seth is twee keer zo oud als Brooke.Over 2 jaar zal de som van hun leeftijd 28 zijn. Hoe oud is Seth?	16
Jimmy heeft $ 2 meer dan twee keer het geld dat Ethel heeft.Als Ethal $ 8 heeft, hoeveel geld heeft Jimmy dan?	18
Pancho loopt 20 mijl per dag.Behalve in het weekend wanneer hij 10 mijl loopt.Hoeveel mijl loopt hij in een week?	120
De marcherende band bestelt nieuwe uniformen.Elk uniform wordt geleverd met een hoed die $ 25 kost, een jas die drie keer zoveel kost als de hoed, en een broek die het gemiddelde van de kosten van de hoed en de jas kost.Hoeveel kost elk uniform totaal?	150
Jake loopt door het Museum of Entomology.Hij ziet 80 spinnen met elk 8 poten, 90 insecten met elk 6 poten, en 3 zeldzame mutante ongewervelde dieren met elk 10 poten.Hoeveel benen ziet Jake totaal?	1210
Er zijn vier vogels bij de caboose.Sally Two is drie jaar ouder dan oma rood.Granny Red is twee keer zo oud als Sally Four.Als Sally Four even oud is als Sally Dirtytwo, en Sally Dertytwo 8 jaar oud is, wat is dan de totale leeftijd van de vier vogels?	51
Jessica probeert erachter te komen hoeveel ze elke maand op al haar schulden moeten betalen.Haar studieleningen hebben een minimale betaling van $ 300/maand, het minimum van haar creditcard is $ 200/maand en het minimum van haar hypotheek is $ 500/maand.Als Jessica 50% meer wil betalen dan het minimum, hoeveel betaalt ze dan in een jaar?	18000
Billy pelt en snijdt aardappelen ter voorbereiding op het maken van aardappelsalade voor zijn grote familiereünie barbecue.Het is een groot evenement, dus hij heeft 60 aardappelen om door te komen.De aardappelen zijn ongeveer dezelfde grootte, dus het duurt ongeveer dezelfde tijd om te schillen en te knippen.Het kost Billy ongeveer anderhalve minuut om een aardappel te schillen, maar slechts ongeveer 5 seconden om het in te snijden.Hoe lang duurt het voordat Billy het voorbereiden van de aardappelen afmaken?	95
Juan en zijn broer Carlos verkopen limonade.Voor elke gallon verdienen ze het $ 3 voor citroenen en $ 2 voor suiker.Ze verkopen elk glas voor $ 0,50 en krijgen 20 glazen per gallon.Als ze $ 25 winst hebben gemaakt, hoeveel hebben ze dan uitgegeven aan citroenen?	15
In een race met 240 Aziaten waren 80 Japans en de rest waren Chinees.Als het aantal jongens in het Chinese team 60 was, hoeveel meisjes zaten dan in het Chinese team?	100
Zaid besteedt 1/4 van zijn salaris aan huur, 1/3 aan autofrandstof en schenkt de helft van het resterende bedrag aan zijn favoriete goede doel.Hij geeft zijn dochter 200 $ om te gebruiken voor haar wekelijkse uitgaven en 700 $ aan zijn vrouw om te budgetteren voor boodschappen en andere huishoudelijke goederen.Als Zaid 6000 $ per maand verdient, hoeveel geld heeft hij dan nog na al deze uitgaven en donaties?	350
Rani heeft nog tien krabben dan Monic, die 4 minder krabben heeft dan Bo.Als Bo 40 krabben heeft, bereken dan het totale aantal krabben dat de drie samen hebben.	122
Lloyd verdient $ 10 per uur aan wiskundetutoring.Hij gaf 5 uur les voor de eerste week en 8 uur voor de tweede week.Hoeveel verdiende hij de eerste twee weken?	130
Twee kandidaten lopen voor klassenvertegenwoordiger op de school van Sarai.Als de winnaar 3/4 van de stemmen kreeg en het totale aantal studenten dat in de klas stemde 80 was, bereken het aantal stemmen dat de verliezer kreeg.	20
Sandra, de bloemist om de hoek, is erg ongelukkig met Fred's onvolledige orderlevering.Sandra had vier keer zoveel rode rozen besteld als witte anjers.Ze bestelde ook 200 roze calla -lelies, die vijf keer het aantal witte anjers waren.Sandra heeft gedreigd om van leveranciers te wisselen als de ontbrekende rode rozen om 17.00 uur niet worden geleverd.Om het bedrijf van Sandra te houden, hoeveel rode rozen moeten Fred om 17.00 uur leveren?	160
Jean is twee jaar ouder dan Mark.Twee jaar geleden was Mark 5 jaar ouder dan de helft van januari.Als Jan 30 is, hoe oud is Jean?	23
Twee trackteams concurreren tegen elkaar in een estafette van 4 bij 400 meter;Een race waarbij elk concurrerend team vier leden heeft die elk 400 meter, of één ronde, rond een standaardbaan heeft.Een van de twee teams is zeer goed afgerond en elk van hun leden zal hun 400 meter been lopen in precies 55 seconden.Het andere team is minder goed afgerond;Hun eerste hardloper draait hun 400 meter been in 60 seconden en dan elke volgende loper is 3 seconden sneller dan de vorige loper.Met deze informatie, hoeveel seconden zal het snellere team winnen?	2
Jerry rolt een zeszijdige dobbelsteen.Hoeveel waarschijnlijker is het (uitgedrukt als een percentage) dat hij een aantal groter dan 3 rolt dan dat hij twee gelijkmatige nummers op een rij rolt?	25
Jenna en haar moeder kozen wat appels uit hun appelboerderij.Jenna koos half zoveel appels als haar moeder.Als haar moeder 20 appels kreeg, hoeveel appels hebben ze allebei gekozen?	30
Russell werkt in een dierenwinkel en distribueert stro onder de knaagdieren.De ratten worden in 3 kooien in gelijke groepen bewaard en elke rat krijgt 6 stukjes stro.Er zijn 10 kooien van hamsters die alleen worden gehouden en elke hamster krijgt 5 stukjes stro.Er is ook een pen van konijnen waar 20 stukjes stro worden verdeeld over de konijnen.Er wordt nergens anders in de winkel gebruikt.Als 160 stukjes stro zijn verdeeld over de kleine knaagdieren, hoeveel ratten zitten dan in elke kooi?	5
Mandy is Benedict $ 100 verschuldigd.Ze kwamen overeen een maandelijkse rente van 2%te hebben.Als Mandy het na 3 maanden kon betalen, hoeveel moet ze dan aan Benedict geven?	106
Een handelaar koopt wat zakken tarwe van een boer met een tarief van $ 20 per zak.Als het $ 2 kost om elke tas van de boerderij naar het magazijn te vervoeren, en de handelaar een totale winst van $ 400 maakte na het verkopen van alle tassen met een tarief van $ 30 per stuk, hoeveel tassen heeft hij verkocht?	50
Drie vrienden gaven $ 20,25 uit aan 3 tickets aan de beurs.Ze gaven ook $ 4,50 minder uit aan eten dan aan de tickets.Ze gingen ook op 2 verschillende ritten die voor elke rit $ 33 kosten.Als ze ermee instemden om alle kosten gelijkmatig te splitsen, hoeveel betaalde elk van hen?	34
John verzamelt perziken gedurende 3 uur.Hij kan 2 perziken per minuut verzamelen.Hoeveel perziken verzamelt hij?	360
Eenden moeten elke week 3,5 pond insecten eten om te overleven.Als er een kudde tien eenden is, hoeveel pond insecten hebben ze dan per dag nodig?	5
Tom Plants 10 bomen per jaar.Elk jaar hakt hij ook 2 bomen per jaar.Hij begint met 50 bomen.Na 10 jaar sterft 30% van de bomen.Hoeveel bomen heeft hij nog?	91
Sue woont in een leuke buurt.Op een weekend besloten de buren om een grap op Sue te spelen.Op vrijdagochtend plaatsten de buren 18 roze plastic flamingo's op Sue's voortuin.Op zaterdagochtend namen de buren een derde van de flamingo's terug, schilderden ze wit en plaatsten deze nieuw geschilderde witte flamingo's terug op de voortuin van Sue.Toen, op zondagochtend, voegden ze nog eens 18 roze plastic flamingo's toe aan de collectie.Tegen de middag op zondag, hoeveel meer roze plastic flamingo's waren uit dan witte plastic flamingo's?	24
Violetta wil nieuwe kleurpotloden kopen.Ze heeft ze in 5 verschillende kleuren nodig en bereid $ 20 voor deze aankoop.Eén krijt kost $ 2.Hoeveel verandering krijgt ze?	10
Een pen kost zoveel als een potlood en gum gecombineerd.Een potlood kost $ 1,20 en een gum kost $ 0,30.Hoeveel kosten 8 pennen?	12
200 pond wortelen moeten worden verdeeld over 40 restaurants in een bepaalde stad.Elk restaurant ontvangt 2 pond wortelen.Hoeveel pond wortelen worden niet gebruikt?	120
In de stad Soda zijn er precies 23786 inwoners.Ze omvatten 8417 mannen en 9092 vrouwen.De rest van de bevolking bestaat uit kinderen.Hoeveel kinderen zijn er in frisdrank?	6277
Elaine had aanvankelijk 20 Pokemon -kaarten.Na een maand verzamelde ze drie keer dat aantal.In de tweede maand verzamelde ze 20 minder kaarten dan die ze in de eerste maand verzamelde.In de derde maand verzamelde ze tweemaal het gecombineerde aantal Pokemon -kaarten dat ze in de eerste en tweede maanden verzamelde.Hoeveel Pokemon -kaarten heeft ze nu in totaal?	320
Mark is een kopie-editor.Hij bewerkt elke week een gelijk aantal zinnen voor twee verschillende uitgevers, die elk een ander tarief per zin betalen.Uitgever B betaalt Mark twee keer wat uitgever A betaalt.Mark bewerkt elke week een totaal aantal van 1000 zinnen en uitgever betaalt hem 5 cent per zin.Hoeveel verdient Mark in een week, in cent?	7500
Baldur krijgt water uit een put.Hij krijgt elke ochtend elke ochtend 5 emmers water en 6 emmers water elke middag.Als elke emmer 5 liter water bevat, hoeveel liter water krijgt hij dan elke dag?	55
John wint een prijs op het werk.De prijs heeft een monetaire beloning van 1 keer van $ 5000 en een salaris van 5%.Als hij 2000 per week maakt, elke week van het jaar en hij de prijs kreeg op de eerste dag van het jaar hoeveel geld heeft hij dat jaar verdiend?	114,200
Josie groeit druiven op haar 10 hectare grote boerderij.Elke hectare produceert 5 ton druiven per jaar, en elke ton druiven maakt 2 vaten wijn.Hoeveel vaten wijn produceren haar boerderij per jaar?	100
Carl's favoriete eten is kaas.Hij at deze week elke dag een sandwich voor de lunch en gebruikte 2 plakjes kaas op elke sandwich.Hij at kaas- en ei -omeletten voor het ontbijt 3 dagen in de week met behulp van nog een plak per omelet dan hij per sandwich deed.Hij maakte een groot gerecht met macaroni en kaas om verschillende diners voor de week mee te gaan en gebruikte 8 plakjes kaas erin.Hoeveel plakjes kaas heeft hij gebruikt?	31
Janet had 22 groene pennen en 10 gele pennen.Toen kocht ze 6 zakken blauwe pennen en 2 zakken rode pennen.Er waren 9 pennen in elke zak blauw en 6 pennen in elke zak rood.Hoeveel pennen heeft Janet nu?	98
Brinley zit in de wiskundeklasse van Mr. Bert.Mr. Bert geeft elk semester zes tests.Hij staat de studenten toe om de laagste score elk semester uit het gemiddelde te verwijderen.Als Brinley scores van 89, 71, 92, 100 en 86 heeft op de eerste vijf tests, welke score heeft ze dan nodig op de zesde test om gemiddeld 93 te krijgen?	98
Micheal houdt van fietsen.Hij reed het minstens 5 keer per week en maakt elke keer 25 kilometer.Hij deed dat vier weken, en toen besloot hij, om slechts 2 keer per week op de fiets te rijden, maar voor 60 kilometer elke keer, en dat deed hij voor 3 weken.Hoeveel kilometers heeft Micheal in totaal gedaan?	860
Joe's tas Halloween -snoep heeft 25 chocoladerepen en 80 gekonfijte appels.Elke chocoladereep weegt twee keer zoveel als elke gekonfijte appel.Als elke chocoladereep 40 g weegt, hoeveel weegt Joe's tas snoep, in gram?	2600
Rose ging maandag naar de winkel en kocht 4 cakes.Dinsdag ging ze naar een andere winkel en kocht drie keer dat aantal taarten.Op woensdag ging ze naar een andere winkel en kocht 5 keer het aantal taarten dat ze dinsdag deed.Hoeveel taarten heeft ze na alle drie de dagen gekocht?	76
Twintig dozijn kopjes kosten $ 1200 minder dan de totale kosten van een half dozijn platen die elk worden verkocht voor $ 6000.Bereken de totale kosten voor het kopen van elke kop.	145
Sara wil een nieuw jas en 2 paar schoenen kopen.De jas die ze wil kost $ 30 en elk paar schoenen kost $ 20.Sara babysits de kinderen van de buurman 4 keer en verdient $ 5 elke keer dat ze ze babysit.Haar ouders betalen haar $ 4 elke keer dat ze het gazon maait.Als Sara al $ 10 had bespaard voordat ze begon met babysitten, hoe vaak moet ze het gazon maaien voordat ze het jasje en schoenen kan betalen?	10
Jerry heeft een kudde kippen.De rode kippen produceren 3 eieren per dag en de witte kippen produceren 5 eieren per dag.Elke dag verzamelt Jerry 42 eieren.Als hij nog twee witte kippen heeft dan rode kippen, hoeveel rode kippen heeft hij dan?	4
Gary loopt graag rond de rand van het lokale park, een rechthoek die 1,5 mijl bij 6 mijl meet.Als hij om 3 mijl/uur loopt, hoeveel uur brengt hij dan door met wandelen?	5
In de Dollar Store telt Sloane 100 klanten die de winkel binnenkomen.De volgende dag telt ze 50 meer klanten dan de eerste dag.Als het totale aantal klanten op de derde dag 500 was, hoeveel klanten heeft ze dan op de derde dag gerekend?	250
Jerry heeft twee zwembaden, beide met lekken die ze leegmaken op 4 gallons/minuut.4 minuten geleden had het grote zwembad twee keer zoveel water als het kleine zwembad.Nu heeft het grote zwembad vier keer zoveel water als het kleine zwembad.Hoeveel water heeft het kleine zwembad nu?	8
Lori wil een paar schoenen van $ 320,00 kopen en een bijpassende riem die $ 32,00 is.Haar deeltijdbaan betaalt haar $ 8,00 per uur.Hoeveel uur zal ze moeten werken voordat ze haar kan kopen?	44
Janeth leende $ 2000 en beloofde het terug te geven met een extra 10% van het bedrag.Als ze gedurende 12 maanden $ 165 per maand gaat betalen, hoeveel zal het resterende saldo van Janeth tegen die tijd zijn?	220
Er zijn 4 rozen in de vaas.Er zijn nog 7 dahlia's dan rozen in de vaas.Hoeveel bloemen zijn er in totaal in de vaas?	15
Adrian's leeftijd is drie keer de leeftijd van Harriet, en Harriet is de helft van de leeftijd van Zack.Bereken de gemiddelde leeftijd van de drie in drie jaar als Harriet nu 21 jaar oud is.	45
Vier studenten scoorden in totaal 251 punten in een bordspel.Naomi scoorde 68 van de punten.Yuri scoorde 10 meer dan de helft zoveel punten als Naomi en Brianna 17 punten meer scoorden dan Naomi.Hoeveel punten scoorde JoJo?	54
Het kost Carmen 10 minuten om een kruiswoordpuzzel af te maken en 5 minuten om een Sudoku -puzzel af te maken.In het weekend loste ze 3 kruiswoordpuzzels en 8 Sudoku -puzzels op.Hoeveel tijd heeft ze besteed aan het spelen van deze spellen?	70
Een watertank is gevuld met 120 liter water.Celine gebruikte 90 liter water uit de tank om haar kleine tuin te water geven.Ze was toen in staat om regenwater te verzamelen dat twee keer zoveel is als wat er over was.Hoeveel liter water zit er nu in de tank?	90
Andy Plants 90 Geraniums en 40 minder petunia's die geraniums.Hoeveel bloemen plant hij totaal?	140
Een bedrijf besteedt $ 15000 aan adverteren voor een jaar en besteedt vervolgens een derde van dat bedrag aan advertenties voor nog een jaar.Wat is het totale bedrag dat het bedrijf heeft uitgegeven aan reclame voor de twee jaar?	20000
Carlos en Benji zijn op het strand.Carlos verhuurt een kano voor $ 30 per uur en Benji verhuurt een bananenbootvlot voor $ 18 per uur.Als Carlos de boot 3 uur gebruikt en Benji 5 uur het vlot gebruikt, hoeveel betalen ze dan voor hun huurprijs?	180
Andrew plant een roadtrip van New Jersey naar Rochester.Het duurt 6 dagen om met de bus en de helft zoveel dagen te reizen om met de auto van New Jersey naar Rochester te reizen.Hoeveel dagen zal hij reizen als hij van plan is om met de bus naar Rochester te gaan en met de auto terug te keren uit Rochester?	9
James telt zijn Pokemon -kaarten.Hij heeft 30 brandtype, 20 grastype en 40 watertype.Als hij 8 van het watertype verliest en 14 grastype koopt, wat is de percentage kans (afgerond op het dichtstbijzijnde gehele getal) dat een willekeurig gekozen kaart een watertype zal zijn?	33
Tsjaad bestelde een build-your-own burrito voor de lunch.De basisburrito is $ 6,50.Hij voegt extra vlees toe voor $ 2,00, extra kaas voor $ 1,00, avocado voor $ 1,00 en 2 sauzen voor $ 0,25 elk.Hij besluit zijn maaltijd te upgraden voor een extra $ 3,00 die chips en een drankje zal toevoegen.Hij heeft een cadeaubon voor $ 5,00 die hij gebruikt bij het uitchecken.Hoeveel is hij nog verschuldigd?	9
Kalinda werkt aan een 360 -stuk puzzel met haar moeder.Kalinda kan normaal gesproken 4 stuks per minuut toevoegen.Haar moeder kan meestal half zoveel stukken per minuut plaatsen als Kalinda.Hoeveel uur duurt het om deze puzzel te voltooien?	1
Een watermeloenboerderij produceerde 120 watermeloenen van de baby.Ashlyn ging na twee maanden naar de boerderij en ontdekte dat 30% van de watermeloenen klaar waren voor de oogst, dus nam ze ze mee naar huis.Toen ze twee weken later terugkwam, waren 3/4 van de resterende meloenen klaar, dus oogstte ze ze.Hoeveel meloenen waren er niet klaar om na de twee weken te worden geoogst?	21
Mark koopt een vloot van 12 auto's voor zijn bedrijf.Elke auto verkoopt voor $ 20.000.Hij betaalt 10% belasting op de auto's en vervolgens nog eens $ 1000 voor registratie voor elk van hen.Hoeveel betaalt hij voor alles?	276,000
Kylie en Robert gaan graag naar het strand om schelpen te verzamelen.Op maandag verzamelt Kylie nog 5 schelpen dan Robert, die 20 schelpen verzamelt.Op dinsdag verzamelt Kylie 2 keer meer schelpen dan op maandag.Hoeveel schelpen verzamelt Kylie dinsdag?	50
Dax ging naar hun boerderij om enkele appels te kiezen en vond half zoveel insecten als mieren in de tuin.Als er 50 mieren waren, berekent u het totale aantal insecten in de tuin.	75
Er zijn 36 pinguïns zonnebaden in de sneeuw.Een derde van hen springt erin en zwemt in de oceaan.Nog een derde gaat de grot in om hun diner te eten.Hoeveel pinguïns zijn er nog steeds zonnebaden?	12
Steve besluit om meer tomaten te eten en besluit zijn eigen cherrytomaten te laten groeien.Hij eet twee keer zoveel als zijn vriendin.Hij eet 6 per dag.Als een wijnstok 3 tomaten per week kan produceren, hoeveel wijnstokken heeft hij nodig?	21
John beveelt wat pizza's om te delen met zijn vrienden.Er zijn in totaal 20 vrienden en John wil ervoor zorgen dat elk 4 plakjes kan hebben.Pizza's worden slechts in 8 porties verkocht.Hoeveel pizza's moet John bestellen?	10
Ram gebruikt veel pennen.Hij ontdekte dat hij geld kan besparen door de inkt uit vijf lege pennen te mengen om één volledige pen te maken.Als hij 25 pennen koopt en ze vervolgens gebruikt om nieuwe pennen te maken wanneer de inkt laag loopt, hoeveel totale pennen heeft hij dan?	31
Johnny nam zijn vergoeding van $ 20 en voegde er $ 10 extra toe.Vervolgens investeerde hij deze som geld, die over een jaar verdrievoudigde.Hoeveel geld had hij na een jaar?	90
Mary is twee jaar jonger dan Joan, die vijf jaar ouder is dan Jessa.Als Jessa 20 jaar oud is, wat is dan de som van de leeftijd van de drie meisjes?	68
Het aantal studenten in een schoolzaal was 1000. De hal had 3 ingangen A, B en C die ook als uitgangen dienden.Als na een vergadering 30% van de studenten het gebouw uit ging via afslag A, 3/5 van de overblijfselen uitging door exit B, en de rest uitging door exit C, bereken het aantal studenten dat door exit C ging.	280
James heeft nog 6 snoepjes dan Robert.John heeft twee keer zoveel snoepjes als Robert.Als John 54 snoepjes heeft, hoeveel snoepjes heeft John meer dan James?	21
Dolly heeft twee boeken.Pandora heeft er een.Als zowel Dolly als Pandora de boeken van elkaars en hun eigen boeken lezen, hoeveel boeken zullen ze dan aan het einde gezamenlijk lezen?	6
Mike was een penvriend met 5 mensen.Hij stopte niet met penpalen met 2 van hen.Ze sturen elk 2 letters per week die van 5 pagina's lang zijn.Hij reageert in natura.Hij kan elke 6 minuten een pagina schrijven.Hoeveel uur besteedt hij een week aan schrijven?	3
Jason heeft een telefoonplan van 1000 minuten per maand.Elke dag heeft hij een oproep van 15 minuten met zijn baas, en hij heeft deze maand 300 extra minuten bel naar andere mensen.Hoeveel minuten heeft Jason over als deze maand 30 dagen heeft?	250
Griffin had 24 frietjes, maar Kyle nam er 5 van hen.Billy nam twee keer zoveel als Kyle.Ginger gaf Griffin een handvol van haar friet, en toen nam Colby van Griffin 3 minder dan het aantal friet dat Kyle had genomen.Als Griffin uiteindelijk 27 friet had, hoeveel friet gaf Ginger dan Griffin?	20
Er zijn 4 slakken in het ene aquarium en 32 slakken in een ander aquarium.Het verschil tussen het aantal slakken in de twee aquaria is tweemaal de hoeveelheid vissen in beide aquaria.Als beide aquaria hetzelfde aantal vissen bevatten, hoeveel vissen zijn er dan in elk aquarium?	7
Jeans make -upartiest laadt haar $ 250 per uur op.Ze heeft een zeer dure make -up nodig voor een film waarin ze zich bevindt en het duurt elke dag 6 uur om te doen en ze heeft het 4 keer per week nodig.De film duurt 5 weken om te eindigen.Nadat de film is voltooid, geeft de make -upkunstenaar Jean een korting van 10% vanwege de hoeveelheid werk gedaan.Hoeveel heeft Jean betaald?	27000
Isabelle kocht feestartikelen voor het verjaardagsfeestje van haar kleine zusje.Ze besteedde $ 12 aan ingrediënten voor de taart, $ 43 aan verjaardagscadeautjes, $ 15 aan decoraties, $ 4 aan uitnodigingen en $ 22 aan goodie -tassen voor de feestgasten.Ze verdeelde de kosten gelijkmatig op drie manieren met haar twee ouders.Hoeveel dollar heeft elke persoon betaald?	32
Een chef kocht 4 zakken uien.Elke tas weegt 50 pond.Een pond uien kostte $ 1,50.Hoeveel heeft de chef uitgegeven?	300
Op maandag at Sue 4 keer zoveel koekjes als haar zus.Op dinsdag at ze twee keer zoveel koekjes als haar zus.Haar zus at 5 koekjes op maandag en 13 de volgende dag.Als 1 koekje 200 calorieën heeft, hoeveel meer calorieën heeft Sue meer verbruikt dan haar zus?	5,600
