language;question;answer
eng_Latn;Question: Roger has 5 tennis balls. He buys 2 more cans of tennis balls. Each can has 3 tennis balls. How many tennis balls does he have now?;Step-by-Step Answer: Roger started with 5 balls. 2 cans of 3 tennis balls each is 6 tennis balls. 5 + 6 = 11. The answer is 11.
eng_Latn;Question: There were nine computers in the server room. Five more computers were installed each day, from monday to thursday. How many computers are now in the server room?;Step-by-Step Answer: There are 4 days from monday to thursday. 5 computers were added each day. That means in total 4 * 5 = 20 computers were added. There were 9 computers in the beginning, so now there are 9 + 20 = 29 computers. The answer is 29.
eng_Latn;Question: Leah had 32 chocolates and her sister had 42. If they ate 35, how many pieces do they have left in total?;Step-by-Step Answer: Leah had 32 chocolates and Leah’s sister had 42. That means there were originally 32 + 42 = 74 chocolates. 35 have been eaten. So in total they still have 74 - 35 = 39 chocolates. The answer is 39.
eng_Latn;Question: Shawn has five toys. For Christmas, he got two toys each from his mom and dad. How many toys does he have now?;Step-by-Step Answer: He has 5 toys. He got 2 from mom, so after that he has 5 + 2 = 7 toys. Then he got 2 more from dad, so in total he has 7 + 2 = 9 toys. The answer is 9.
eng_Latn;Question: Michael had 58 golf balls. On tuesday, he lost 23 golf balls. On wednesday, he lost 2 more. How many golf balls did he have at the end of wednesday?;Step-by-Step Answer: Michael started with 58 golf balls and lost 23, so he has 58 - 23 = 35. After he lost 2 more, he has 35 - 2 = 33 balls now. The answer is 33.
eng_Latn;Question: Olivia has $23. She bought five bagels for $3 each. How much money does she have left?;Step-by-Step Answer: 5 bagels for $3 each should cost 5 * 3 = 15 dollars. Olivia had $23 in the beginning, so now she has 23 - 15 = 8 dollars left. The answer is 8.
eng_Latn;Question: Jason had 20 lollipops. He gave Denny some lollipops. Now Jason has 12 lollipops. How many lollipops did Jason give to Denny?;Step-by-Step Answer: Jason started with 20 lollipops, but now he only has 12, so he gave Denny 20 - 12 = 8 lollipops. The answer is 8.
eng_Latn;Question: If there are 3 cars in the parking lot and 2 more cars arrive, how many cars are in the parking lot?;Step-by-Step Answer: There are 3 cars in the beginning, 2 more arrive, so now there should be 3 + 2 = 5 cars. The answer is 5.
ben_Beng;প্রশ্ন: রজারের 5টি টেনিস বল আছে। সে আরও 2 ক্যান টেনিস বল কিনেছে। প্রতিটি ক্যানে 3টি করে টেনিস বল আছে। তার কাছে এখন কতগুলি টেনিস বল আছে?;ধাপে ধাপে উত্তর: রজারের প্রথমে 5টি বল ছিল। 2টি ক্যানের প্রতিটিতে 3টে টেনিস বল মানে 6টি টেনিস বল। 5 + 6 = 11। উত্তর হল 11।
ben_Beng;প্রশ্ন: সার্ভার কক্ষে নয়টি কম্পিউটার ছিল। সোমবার থেকে বৃহস্পতিবার প্রতিদিন আরও পাঁচটি করে কম্পিউটার স্থাপন করা হয়েছিল। সার্ভার কক্ষে এখন কতগুলি কম্পিউটার আছে?;ধাপে ধাপে উত্তর: সোমবার থেকে বৃহস্পতিবার 4দিন হয়। প্রতিদিন 5টি করে কম্পিউটার যোগ করা হয়েছে। যার অর্থ মোট 4 * 5 = 20টি কম্পিউটার যোগ করা হয়েছে। শুরুতে 9টি কম্পিউটার ছিল, তাই এখন 9 + 20 = 29টি কম্পিউটার রয়েছে। উত্তর হল 29।
ben_Beng;প্রশ্ন: লিয়ার 32টি চকোলেট ছিল এবং তার বোনের ছিল 42টি। যদি তারা 35টি খেয়ে থাকে, তাহলে তাদের কাছে মোট কতগুলি অবিশিষ্ট আছে?;ধাপে ধাপে উত্তর: লিয়ার 32টি চকোলেট ছিল এবং লিয়ার বোনের ছিল 42টি। যার অর্থ শুরুতে 32 + 42 = 74টি চকোলেট ছিল। 35টি খাওয়া হয়ে গেছে। তাই তাদের কাছে মোট 74 - 35 = 39টি চকোলট আছে। উত্তর হল 39।
ben_Beng;প্রশ্ন: শনের পাঁচটি খেলনা আছে। ক্রিসমাস উপলক্ষে সে তার মাতা ও পিতা উভয়ের থেকে দুটি করে খেলনা পেয়েছে। তার কাছে এখন কতগুলি খেলনা আছে?;ধাপে ধাপে উত্তর: তার কাছে 5টি খেলনা আছে। সে তার মাতার থেকে 2টি খেলনা পেয়েছিল অতএব, এরপর তার 5 + 2 = 7টি খেলনা হয়েছে। তারপর সে তার পিতার থেকে 2টি খেলনা পেয়েছিল, তাই তার মোট 7 + 2 = 9 টি খেলনা হয়েছে। উত্তর হল 9।
ben_Beng;প্রশ্ন: মাইকেলের 58টি গলফ বল ছিল। মঙ্গলবার, সে 23টি গলফ বল হারিয়েছিল। বুধবার, সে আরও 2টি বল হারিয়েছিল। বুধবারের শেষে তার কাছে কয়টি গলফ বল ছিল?;ধাপে ধাপে উত্তর: শুরুতে মাইকেলের কাছে 58টি গলফ বল ছিল এবং সে 23টি বল হারিয়েছিল, তাই তার 58 - 23 = 35টি বল আছে। আরও 2টি বল হারানোর পর, তার এখন 35 - 2 = 33টি বল আছে। উত্তর হল 33।
ben_Beng;প্রশ্ন: অলিভিয়ার $23 আছে। সে পাঁচটি ব্যাগেল কিনেছিল যার প্রতিটির মূল্য $3। তার কাছে কত অর্থ অবশিষ্ট আছে?;ধাপে ধাপে উত্তর: প্রতিটি ব্যাগেলের মূল্য $3 হলে 5টি ব্যাগেলের মূল্য হওয়া উচিৎ 5 *3 = 15 ডলার। শুরুতে অলিভিয়ার কাছে $23 ছিল, তাই বর্তমানে তার কাছে 23 - 15 = 8 ডলার অবশিষ্ট আছে। উত্তর হল 8।
ben_Beng;প্রশ্ন: জ্যাসনের 20টি ললিপপ ছিল। সে ডেনিকে কিছু ললিপপ দিয়েছিল। বর্তমানে জ্যাসনের কাছে 12টি ললিপপ আছে। জ্যাসন ডেনিকে কতগুলি ললিপপ দিয়েছিল?;ধাপে ধাপে উত্তর: জ্যাসনের কাছে প্রথমে 20টি ললিপপ ছিল, কিন্তু এখন তার কাছে শুধুমাত্র 12টি আছে, তাহলে সে ডেনিকে 20 - 12 = 8টি ললিপপ দিয়েছিল। উত্তর হল 8।
ben_Beng;প্রশ্ন: পার্কিং লটে যদি 3 টি গাড়ি থাকে এবং আরও 2টি গাড়ি আসে, তাহলে পার্কিং লটটিতে কতগুলি গাড়ি আছে?;ধাপে ধাপে উত্তর: শুরুতে সেখানে 3টি গাড়ি ছিল, আরও 2টি গাড়ি আসে, তাহলে বর্তমানে 3 +2 = 5টি গাড়ি থাকা উচিৎ। উত্তর হল 5।
deu_Latn;Frage: Roger hat 5 Tennisbälle. Er kauft noch 2 Dosen Tennisbälle. In jeder Dose sind 3 Tennisbälle. Wie viele Tennisbälle hat er jetzt?;Schritt-für-Schritt-Antwort: Roger begann mit 5 Bällen. 2 Dosen von jeweils 3 Tennisbällen macht 6 Tennisbälle. 5 + 6 = 11. Die Antwort ist 11.
deu_Latn;Frage: Es waren neun Computer im Serverraum. Von Montag bis Donnerstag wurden jeden Tag noch fünf Computer installiert. Wie viele Computer sind jetzt im Serverraum?;Schritt-für-Schritt-Antwort: Von Montag bis Donnerstag sind es 4 Tage. Jeden Tag kamen 5 neue Computer hinzu. Das macht insgesamt 4 x 5 = 20 Computer, die hinzugefügt wurden. Am Anfang waren es 9 Computer, also sind es jetzt 9 + 20 =29 Computer. Die Antwort lautet 29.
deu_Latn;Frage: Leah hat 32 Pralinen und ihre Schwester hat 42. Wenn sie 35 essen, wie viele sind dann insgesamt noch übrig?;Schritt-für-Schritt-Antwort: Leah hat 32 Pralinen und Leahs Schwester 42. Das bedeutet, dass es ursprünglich 32 + 42 =74 Pralinen waren. 35 wurden gegessen. Also haben sie insgesamt noch 74 - 35 = 39 Pralinen übrig. Die Antwort lautet 39.
deu_Latn;Frage: Shawn hat fünf Spielzeuge. Zu Weihnachten hat er von seiner Mama und seinem Papa jeweils zwei Spielzeuge bekommen. Wie viele Spielzeuge hat er jetzt?;Schritt-für-Schritt-Antwort: Er hat 5 Spielzeuge. Er hat 2 von seiner Mama bekommen, sodass er nun 5 + 2 = 7 Spielzeuge hat. Dann hat er noch 2 von seinem Papa bekommen, also hat er insgesamt 7 + 2 = 9 Spielzeuge. Die Antwort lautet 9.
deu_Latn;Frage: Michael hat 58 Golfbälle. Am Dienstag hat er 23 Golfbälle verloren. Am Mittwoch hat er 2 weitere verloren. Wie viele Golfbälle hat er Mittwoch am Ende des Tages?;Schritt-für-Schritt-Antwort: Michael hatte anfangs 58 Golfbälle und hat 23 verloren, sodass er 58 - 23 = 35 hat. Nachdem er 2 weitere verloren hat, hat er jetzt 35 - 2 = 33 Bälle. Die Antwort lautet 33.
deu_Latn;Frage: Olivia hat 23 US-Dollar. Sie hat fünf Bagels für 3 US-Dollar pro Stück gekauft. Wie viel Geld hat sie übrig?;Schritt-für-Schritt-Antwort: 5 Bagels für 3 US-Dollar pro Stück kosten 5 x 3 = 15 Dollar. Olivia hat anfangs 23 US-Dollar, also hat sie jetzt 23 - 15 = 8 Dollar übrig. Die Antwort lautet 8.
deu_Latn;Frage: Jason hatte 20 Lutscher. Er hat Denny einige Lutscher gegeben. Jetzt hat Jason 12 Lutscher. Wie viele Lutscher hat Jason Denny gegeben?;Schritt-für-Schritt-Antwort: Jason hat mit 20 Lutschern angefangen, aber jetzt hat er nur 12, also hat er Denny 20 - 12 = 8 Lutscher abgegeben. Die Antwort lautet 8.
deu_Latn;Frage: Wenn 3 Autos auf dem Parkplatz stehen und 2 weitere Autos ankommen, wie viele Autos stehen dann auf dem Parkplatz?;Schritt-für-Schritt-Antwort: Anfangs sind 3 Autos da, 2 weitere kommen an, also sind jetzt 3 + 2 = 5 Autos da. Die Antwort lautet 5.
fre_Latn;Question : Roger a 5 balles de tennis. Il achète 2 autres boîtes de balles de tennis en plus. Si chaque boîte contient 3 balles de tennis, combien de balles de tennis a-t-il maintenant ?;Réponse étape par étape : Roger a commencé avec 5 balles. 2 boîtes de 3 balles de tennis chacune représentent 6 balles de tennis. 5 + 6 = 11. La réponse est 11.
fre_Latn;Question : Il y avait neuf ordinateurs dans la salle des serveurs. Cinq ordinateurs supplémentaires ont été installés chaque jour, du lundi au jeudi. Combien d'ordinateurs y a-t-il maintenant dans la salle des serveurs ?;Réponse étape par étape : De lundi à jeudi, il y a 4 jours. 5 ordinateurs ont été ajoutés par jour. Cela signifie qu'au total, 4 x 5 = 20 ordinateurs ont été ajoutés. Comme il y avait 9 ordinateurs au départ, il y a maintenant 9 + 20 = 29 ordinateurs. La réponse est 29.
fre_Latn;Question : Léa avait 32 chocolats et sa sœur en avait 42. Si elles en ont mangé 35, combien de morceaux leur reste-t-il en tout ?;Réponse étape par étape : Léa avait 32 chocolats et sa sœur en avait 42. Cela signifie qu'il y avait à l'origine 32 + 42 = 74 chocolats. 35 chocolats ont été mangés. Il leur en reste donc au total 74 - 35 = 39 chocolats. La réponse est 39.
fre_Latn;Question : Shawn a cinq jouets. Pour Noël, papa et maman lui ont offert deux jouets chacun. Combien de jouets a-t-il maintenant ?;Réponse étape par étape : Il a 5 jouets. Il en a reçu 2 de maman, ce qui fait qu'il a 5 + 2 = 7 jouets. Ensuite, il a reçu 2 autres jouets de papa. Cela fait donc un total de 7 + 2 = 9 jouets. La réponse est 9.
fre_Latn;Question : Michael avait 58 balles de golf. Mardi, il a perdu 23 balles de golf. Mercredi, il en a perdu 2 autres. De combien de balles de golf disposait-il à la fin du mercredi ?;Réponse étape par étape : Michael a commencé avec 58 balles de golf et en a perdu 23. Il lui reste donc 58 - 23 = 35. Après en avoir perdu 2 autres, il lui reste 35 - 2 = 33 balles. La réponse est 33.
fre_Latn;Question : Olivia a 23 $. Elle a acheté cinq bagels à 3 $ chacun. Combien d'argent lui reste-t-il ?;Réponse étape par étape : 5 bagels à 3 $ chacun coûtent 5 x 3 = 15 dollars. Olivia avait 23 dollars au départ, il lui reste donc 23 - 15 = 8 dollars. La réponse est 8.
fre_Latn;Question : Jason avait 20 sucettes. Il en a donné à Denny et il ne lui en reste plus que 12 à présent. Combien de sucettes Jason a-t-il donné à Denny ?;Réponse étape par étape : Au départ, Jason avait 20 sucettes. Il n'en a plus que 12, alors il a donné à Denny 20 - 12 = 8 sucettes. La réponse est 8.
fre_Latn;Question : S'il y a 3 voitures dans le parking et que 2 autres arrivent, combien de voitures y a-t-il maintenant dans le parking ?;Réponse étape par étape : Au début, il y a 3 voitures, puis 2 autres arrivent. Ça fait donc 3 + 2 = 5 voitures. La réponse est 5.
spa_Latn;Pregunta: Roger tiene 5 pelotas de tenis. Compra 2 tubos más de pelotas de tenis. Cada tubo contiene 3 pelotas de tenis. ¿Cuántas pelotas de tenis tiene ahora?;Respuesta paso a paso: Roger comenzó con 5 pelotas. 2 tubos de 3 pelotas de tenis cada uno equivale a 6 pelotas de tenis. 5 + 6 = 11. La respuesta es 11.
spa_Latn;Pregunta: Había nueve computadoras en la sala de servidores. Se instalaron cinco computadoras cada día, de lunes a jueves. ¿Cuántas computadoras hay ahora en la sala de servidores?;Respuesta paso a paso: Hay 4 días de lunes a jueves. Se agregaron 5 computadoras cada día. Eso significa que en total se agregaron 4 * 5 = 20 computadoras. Al principio, había 9 computadoras, por lo que ahora hay 9 + 20 = 29 computadoras. La respuesta es 29.
spa_Latn;Pregunta: Leah tenía 32 chocolates y su hermana tenía 42. Si se comieron 35, ¿cuántos chocolates les quedan en total?;Respuesta paso a paso: Leah tenía 32 chocolates y la hermana de Leah tenía 42. Quiere decir que originalmente había 32 + 42 = 74 chocolates. Se comieron 35. Por lo tanto, en total todavía tienen 74 - 35 = 39 chocolates. La respuesta es 39.
spa_Latn;Pregunta: Shawn tiene cinco juguetes. Para Navidad, recibió dos juguetes de su mamá y dos de su papá. ¿Cuántos juguetes tiene ahora?;Respuesta paso a paso: Tiene 5 juguetes. Recibió 2 de la mamá, por lo que después de eso tiene 5 + 2 = 7 juguetes. Luego, recibió 2 más del papá, así que en total tiene 7 + 2 = 9 juguetes. La respuesta es 9.
spa_Latn;Pregunta: Michael tenía 58 pelotas de golf. El martes, perdió 23 pelotas de golf. El miércoles, perdió 2 más. ¿Cuántas pelotas de golf tenía al final del miércoles?;Respuesta paso a paso: Michael comenzó con 58 pelotas de golf y perdió 23, por lo tanto tiene 58 - 23 = 35. Después de perder 2 más, ahora tiene 35 - 2 = 33 pelotas. La respuesta es 33.
spa_Latn;Pregunta: Olivia tiene $23. Compró cinco roscas a $3 cada una. ¿Cuánto dinero le queda?;Respuesta paso a paso: 5 roscas a $3 cada una deben costar 5 * 3 = 15 dólares. Olivia tenía $23 al principio, por lo tanto ahora le quedan 23 - 15 = 8 dólares. La respuesta es 8.
spa_Latn;Pregunta: Jason tenía 20 chupetines. Le dio algunos chupetines a Denny. Ahora Jason tiene 12 chupetines. ¿Cuántos chupetines le dio Jason a Denny?;Respuesta paso a paso: Jason comenzó con 20 chupetines, pero ahora solo tiene 12, por lo tanto le dio a Denny 20 - 12 = 8 chupetines. La respuesta es 8.
spa_Latn;Pregunta: Si hay 3 autos en el estacionamiento y llegan 2 autos más, ¿cuántos autos hay en el estacionamiento?;Respuesta paso a paso: Hay 3 autos al principio, llegan 2 más, por lo tanto ahora debe haber 3 + 2 = 5 autos. La respuesta es 5.
tel_Telu;ప్రశ్న: రోజర్ వద్ద 5 టెన్నిస్ బంతులు ఉన్నాయి. అతడు మరో 2 క్యాన్‌ల టెన్నిస్ బంతులు కొనుగోలు చేశాడు. ప్రతి క్యాన్‌లో 3 టెన్నిస్ బంతులున్నాయి. ఇప్పుడు అతడి వద్ద ఎన్ని టెన్నిస్ బంతులు ఉన్నాయి?;దశలవారీగా సమాధానం: రోజర్ 5 బంతులతో ప్రారంభించాడు. 2 క్యాన్‌ల్లో ఒక్కదానిలో 3 టెన్నిస్ బంతులు అంటే 6 టెన్నిస్ బంతులు ఉన్నాయి. 5+6=11. సమాధానం 11.
tel_Telu;ప్రశ్న: సర్వర్ రూమ్‌లో తొమ్మిది కంప్యూటర్‌లు ఉన్నాయి. సోమవారం నుంచి గురువారం వరకు ప్రతిరోజూ మరో ఐదు కంప్యూటర్‌లు ఇన్‌స్టాల్ చేయబడ్డాయి. సర్వర్ రూమ్‌లో ఇప్పుడు ఎన్ని కంప్యూటర్‌లు ఉన్నాయి?కంప్యూటర్‌లుకంప్యూటర్‌లు;దశలవారీగా సమాధానం: సోమవారం నుంచి గురువారం వరకు 4 రోజులున్నాయి. ప్రతిరోజూ 5 కంప్యూటర్‌లు జోడించబడ్డాయి. అంటే మొత్తం 4*5=20 కంప్యూటర్‌లు జోడించబడ్డాయి. ప్రారంభంలో 9 కంప్యూటర్‌లు ఉన్నాయి, అందువల్ల ఇప్పుడు అవి 9+20=29 కంప్యూటర్‌లు సమాధానం 29.
tel_Telu;ప్రశ్న: లియా వద్ద 32 చాక్లెట్‌లు మరియు ఆమె సోదరి వద్ద 42 ఉన్నాయి. వారు 35 తిన్నట్లయితే, మొత్తం మీద వారి వద్ద ఎన్ని పీస్‌లు మిగిలి ఉన్నాయి?;దశలవారీగా సమాధానం: లియా వద్ద 32 చాక్లెట్‌లు ఉన్నాయి, లియా సోదరి వద్ద 42 చాక్లెట్‌లు ఉన్నాయి. అంటే వారి వద్ద వాస్తవంగా 32+42= 74 చాక్లెట్‌లు ఉన్నాయి. 35 చాక్లెట్‌లను తిన్నారు. అందువల్ల వారి వద్ద మొత్తం 74-35= 39 చాక్లెట్‌లు ఉన్నాయి. సమాధానం 39.చాక్లెట్‌లుచాక్లెట్‌లుచాక్లెట్‌లు
tel_Telu;ప్రశ్న: షాన్ వద్ద ఐదు బొమ్మలు ఉన్నాయి. అతడు క్రిస్టమస్ కొరకు తన అమ్మ మరియు నాన్నల నుంచి రెండేసి బొమ్మల చొప్పున పొందాడు. ఇప్పుడు అతడి వద్ద ఎన్ని బొమ్మలు ఉన్నాయి?;దశలవారీగా సమాధానం: అతడి వద్ద 5 బొమ్మలు ఉన్నాయి. అతడు అమ్మ దగ్గర నుంచి 2 పొందాడు, కాబట్టి ఆ తరువాత అతడి వద్ద 5+2=7 బొమ్మలున్నాయి. తరువాత తండ్రి వద్ద నుంచి అతడు మరో 2 పొందాడు. అందువల్ల మొత్తం మీద అతడి వద్ద 7+2=9 బొమ్మలున్నాయి. సమాధానం 9.బొమ్మలున్నాయి.
tel_Telu;ప్రశ్న: మైకెల్ వద్ద 58 గోల్ఫ్ బాల్స్ ఉన్నాయి. మంగళవారం నాడు, అతడు 23 గోల్ఫ్ బాల్స్‌ని పొగొట్టుకున్నాడు. బుధవారం నాడు, అతడు మరో 2 పోగొట్టుకున్నాడు. బుధవారం చివరికి అతడి వద్ద ఎన్ని గోల్ఫ్ బాల్‌లు ఉన్నాయి?;దశలవారీగా సమాధానం: మైకెల్ 58 గోల్ఫ్ బాల్స్‌తో ప్రారంభించాడు మరియు 23 పోగొట్టుకున్నాడు, అందువల్ల అతడి వద్ద 58-23=35 ఉన్నాయి. అతడు మరో 2 కోల్పోయిన తరువాత, అతడి వద్ద ఇప్పుడు 35-2=33 బాల్స్ ఉన్నాయి. సమాధానం 33.
tel_Telu;ప్రశ్న: ఒలీవియా వద్ద $23 ఉన్నాయి. ఆమె ఒక్కొక్కటి $3 విలువ చేసే ఐదు గాజులు కొనుగోలు చేసింది. ఆమె వద్ద ఎంత డబ్బు మిగిలి ఉంది?;దశలవారీగా సమాధానం: ఒక్కొక్కటి $3 చొప్పున 5 గాజుల ధర 5*3=15 డాలర్లు. ఒలీవియా వద్ద ప్రారంభంలో $23 ఉన్నాయి. అందువల్ల ఇప్పుడు ఆమె వద్ద 23-15=8 డాలర్లు మిగిలి ఉన్నాయి. సమాధానం 8.
tel_Telu;ప్రశ్న: జేసన్ వద్ద 20 లాలీపాప్‌లు ఉన్నాయి. అతడు డెన్నీకి కొన్ని లాలీపాప్‌లు ఇచ్చాడు. ఇప్పుడు జేసన్ వద్ద 12 లాలీపాప్‌లు ఉన్నాయి. డెన్నీకి జేసన్ ఎన్ని లాలీపాప్‌లు ఇచ్చాడు?లాలీపాప్‌లులాలీపాప్‌లులాలీపాప్‌లు;దశలవారీగా సమాధానం: జేసన్ 20 లాలీపాప్‌లతో ప్రారంభించాడు, కానీ ఇప్పుడు అతడి వద్ద 12 మాత్రమే ఉన్నాయి, అందువల్ల అతడు డెన్నీకి 20-12=8 లాలీపాప్‌లు ఉన్నాయి. సమాధానం 8.
tel_Telu;ప్రశ్న: పార్కింగ్ లాట్‌లో 3 కార్లు ఉండి, మరో 2 కార్లు వచ్చినట్లయితే, పార్కింగ్ లాట్‌లో ఎన్ని కార్లు ఉన్నాయి?;దశలవారీగా సమాధానం: ప్రారంభంలో 3 కార్లు ఉన్నాయి, మరో 2 కార్లు వచ్చాయి, అందువల్ల ఇప్పుడు 3+2=5 కార్లు ఉన్నాయి. సమాధానం 5.
tha_Thai;โจทย์: โรเจอร์มีลูกเทนนิส 5 ลูก เขาซื้อลูกเทนนิสเพิ่มอีก 2 กระป๋อง โดยแต่ละกระป๋องมีลูกเทนนิส 3 ลูก ตอนนี้เขามีลูกเทนนิสกี่ลูก;คำตอบทีละขั้นตอน: โรเจอร์เริ่มด้วยการมีลูกเทนนิส 5 ลูก กระป๋อง 2 ใบที่มีลูกเทนนิสใบละ 3 ลูก เท่ากับมีลูกเทนนิส 6 ลูก ดังนั้น 5 + 6 = 11 คำตอบคือ 11
tha_Thai;โจทย์: มีคอมพิวเตอร์เก้าเครื่องในห้องเซิร์ฟเวอร์ โดยตั้งแต่วันจันทร์ถึงวันพฤหัสบดีมีคอมพิวเตอร์ติดตั้งเพิ่มอีกวันละห้าเครื่อง ตอนนี้มีคอมพิวเตอร์ในห้องเซิร์ฟเวอร์กี่เครื่อง;คำตอบทีละขั้นตอน: ตั้งแต่วันจันทร์ถึงวันพฤหัสบดีรวมกันเป็น 4 วัน โดยแต่ละวันเพิ่มคอมพิวเตอร์ไป 5 เครื่อง แสดงว่าเพิ่มคอมพิวเตอร์ไปทั้งหมด 4 * 5 = 20 เครื่อง แรกเริ่มมีคอมพิวเตอร์อยู่ 9 เครื่อง ดังนั้น ตอนนี้จะมีคอมพิวเตอร์อยู่ 9 + 20 = 29 เครื่อง คำตอบคือ 29
tha_Thai;โจทย์: ลีอามีช็อกโกแลตอยู่ 32 ชิ้น และน้องสาวมีช็อกโกแลตอยู่ 42 ชิ้น หากทั้งสองคนทานช็อกโกแลตไปแล้ว 35 ชิ้น จะเหลือช็อกโกแลตทั้งหมดกี่ชิ้น;คำตอบทีละขั้นตอน: ลีอามีช็อกโกแลตอยู่ 32 ชิ้น และน้องสาวมีช็อกโกแลตอยู่ 42 ชิ้น แสดงว่าเดิมมีช็อกโกแลตอยู่ 32 + 42 = 74 ชิ้น หากทานไปแล้ว 35 ชิ้น ดังนั้นจะเหลือช็อกโกแลตทั้งหมดอยู่ 74 - 35 = 39 ชิ้น คำตอบคือ 39
tha_Thai;โจทย์: ชอว์นมีของเล่นห้าชิ้น ในวันคริสต์มาส เขาได้รับของเล่นจากแม่และพ่อคนละสองชิ้น ตอนนี้ชอว์นมีของเล่นกี่ชิ้น;คำตอบทีละขั้นตอน: ชอว์นมีของเล่น 5 ชิ้น เขาได้รับของเล่นจากแม่ 2 ชิ้น แสดงว่าตอนนี้ชอว์นมีของเล่นอยู่ 5 + 2 = 7 ชิ้น แล้วเขาก็ได้รับของเล่นจากพ่อเพิ่มอีก 2 ชิ้น ดังนั้น ชอว์นจึงมีของเล่นรวมทั้งหมด 7 + 2 = 9 ชิ้น คำตอบคือ 9
tha_Thai;โจทย์: ไมเคิลมีลูกกอล์ฟ 58 ลูก ในวันอังคาร เขาทำลูกกอล์ฟหายไป 23 ลูก, ในวันพุธ เขาทำหายอีก 2 ลูก, สิ้นสุดวันพุธ ไมเคิลมีลูกกอล์ฟกี่ลูก;คำตอบทีละขั้นตอน: แรกเริ่ม ไมเคิลมีลูกกอล์ฟอยู่ 58 ลูกและทำหายไป 23 ลูก แสดงว่าเขาเหลือลูกกอล์ฟอยู่ 58 - 23 = 35 ลูก หลังจากนั้นเขาทำหายอีก 2 ลูก ดังนั้น ตอนนี้เขาจึงมีลูกกอล์ฟอยู่ 35 - 2 = 33 ลูก คำตอบคือ 33
tha_Thai;โจทย์: โอลิเวียมีเงินอยู่ $23 เธอซื้อขนมปังเบเกิลไปห้าชิ้น ราคาชิ้นละ $3 โอลิเวียเหลือเงินอยู่เท่าไร;คำตอบทีละขั้นตอน: ขนมปังเบเกิล 5 ชิ้น ราคาชิ้นละ $3 รวมเป็นเงิน 5 * 3 = 15 ดอลลาร์ แรกเริ่มโอลิเวียมีเงินอยู่ $23 ดังนั้น ตอนนี้โอลิเวียจะเหลือเงินอยู่ 23 - 15 = 8 ดอลลาร์ คำตอบคือ 8
tha_Thai;โจทย์: เจสันมีลูกอมโลลิป๊อป 20 แท่ง เขาให้แดนนี่ไปจำนวนหนึ่งจนตอนนี้เหลือลูกอมโลลิป๊อปอยู่ 12 แท่ง เจสันให้ลูกอมโลลิป๊อปกับแดนนี่ไปกี่แท่ง;คำตอบทีละขั้นตอน: แรกเริ่มเจสันมีลูกอมโลลิป๊อปอยู่ 20 แท่ง แต่ตอนนี้เขาเหลือลูกอมโลลิป๊อปอยู่เพียง 12 แท่ง ดังนั้น เจสันให้ลูกอมโลลิป๊อปแดนนี่ไป 20 - 12 = 8 แท่ง คำตอบคือ 8
tha_Thai;โจทย์: หากที่จอดรถมีรถยนต์จอดอยู่ 3 คัน และมีรถยนต์ที่เพิ่งขับมาถึงอีก 2 คัน ที่จอดรถมีรถยนต์กี่คัน;คำตอบทีละขั้นตอน: แรกเริ่มมีรถยนต์อยู่ 3 คัน ขับมาถึงที่จอดรถอีก 2 คัน ดังนั้น จะมีรถยนต์รวมกันเป็น 3 + 2 = 5 คัน คำตอบคือ 5
jap_Japn;問題：ロジャーは5個のテニスボールがあります。テニスボールの缶を2つ追加で買います。それぞれの缶には3つのテニスボールが入っています。彼は今いくつのテニスボールがありますか？;ステップごとの答え：ロジャーは最初5個のボールがありました。テニスボール3個入りの缶が2つあれば、テニスボールは6個あります。5+6=11。答えは11です。
jap_Japn;問題：サーバールームには9台のコンピューターがありました。月曜日から木曜日まで毎日5台のコンピューターをインストールしました。今サーバールームには難題のコンピューターがありますか？;ステップごとの答え：月曜から木曜まで4日あります。毎日5台のコンピューターが追加されます。つまり、全部で4*5=20台のコンピューターが追加されました。最初に9台のコンピューターがあったので、今は9+20=29台のコンピューターとなります。答えは29です。
jap_Japn;問題：リアは32個のチョコレートを持っていました、彼女の妹は42個持っていました。彼女達が35個食べたとしたら、全部で何個残っていますか？;ステップごとの答え：リアは32個のチョコレートを持っており、リアの妹は42個持っていた。つまり、元々32+42=74個のチョコレートがあった。35個が食べられた。だから全部で、彼女たちには74-35=39個のチョコレートが残っている。答えは39個。
jap_Japn;問題：ショーンは5個のおもちゃを持っています。クリスマスに、彼は父と母からそれぞれ2つずつおもちゃをもらいました。今彼はいくつのおもちゃがありますか？;ステップごとの答え：彼は5個おもちゃを持っています。母から2つもらった後は、5+2=7個のおもちゃがあります。その後父から2つさらにもらい、全部で彼は、7+2=9個のおもちゃがあります。答えは9個です。
jap_Japn;"問題：マイケルは58個のゴルフボールを持っています。火曜日、彼は
23個のゴルフボールを失くしました。水曜日、さらに2個失くしました。水曜日の終わりには、彼は何このゴルフボールを持っていましたか？";ステップごとの答え：マイケルは最初58個のゴルフボールがあり、23個なくしました、だから彼は58-23=35個残っています。彼があと2個なくした後、彼は今35-2=33個残っています。答えは33個です。
jap_Japn;問題：オリビアには$23あります。彼女はそれぞれ$3のベーグルを5つ買いました。彼女にはいくらのお金が残っていますか？;ステップごとの答え：$3のベーグルは5個で、5*3=15ドルになるはずです。オリビアは最初$23あったので、今彼女には23-15=8ドル残っています。答えは8です。
jap_Japn;問題：ジェイソンは20個の飴を持っています。彼はデニーに飴をいくつかあげました。今、ジェイソンには12個の飴があります。ジェイソンはデニーにいくつ飴をあげましたか？;ステップごとの答え：ジェイソンには最初20個の飴がありましたが、今彼は12個しか持っていません、なので彼はデニーに、20-12=8個の飴をあげました。答えは8です。
jap_Japn;問題：駐車場に3台の車があり、2台の車が到着するとしたら、駐車場には何台の車がありますか？;ステップごとの答え：最初に3台の車があり、さらに2台到着したので、今は3+2で5台の車があるはずです。答えは5です。
zho_Hant;问题：罗杰有 5 个网球。他又买了 2 罐网球。每罐有 3 个网球。他现在有多少个网球？;逐步解答：罗杰一开始有 5 个球。2 罐各 3 个网球就是 6 个网球。5 + 6 = 11。答案是 11。
zho_Hant;问题：服务器机房里有九台电脑。从周一到周四，每天又安装了五台电脑。服务器机房里现在有多少台电脑？;逐步解答：从周一到周四有 4 天。每天增加 5 台电脑。这意味着一共增加了 4 * 5 = 20 台电脑。一开始有 9 台电脑，所以现在有 9 + 20 = 29 台电脑。答案是 29。
zho_Hant;问题：利亚有 32 块巧克力，她妹妹有 42 块。如果她们吃了 35 块，她们一共还剩下多少块？;逐步解答：利亚有 32 块巧克力，利亚的妹妹有 42 块。这意味着原来有 32 + 42 = 74 块巧克力。35 块被吃掉了。所以她们一共还有 74 - 35 = 39 块巧克力。答案是 39。
zho_Hant;问题：肖恩有五个玩具。圣诞节他从他爸爸妈妈那里各得到了两个玩具。他现在有多少个玩具？;逐步解答：他有 5 个玩具。他从妈妈那里得到 2 个，所以之后他有 5 + 2 = 7 个玩具。然后他又从爸爸那里得到了 2 个，所以他一共有 7 + 2 = 9 个玩具。答案是 9。
zho_Hant;问题：迈克尔有 58 个高尔夫球。周二，他丢失了 23 个高尔夫球。周三，他又丢失了 2 个。周三结束时他有多少个高尔夫球？;逐步解答：迈克尔一开始有 58 个高尔夫球，丢失了 23 个，所以他有 58 - 23 = 35 个。在他又丢失了 2 个后，他现在有 35 - 2 = 33 个球。答案是 33。
zho_Hant;问题：奥利维亚有 23 美元。她买了五个单价 3 美元的百吉饼。她还剩多少钱？;逐步解答：5 个单价 3 美元的百吉饼应该花费 5 * 3 = 15 美元。奥利维亚一开始有 23 美元，所以现在她还剩 23 - 15 = 8 美元。答案是 8。
zho_Hant;问题：杰森有 20 根棒棒糖。他给了丹尼一些棒棒糖。现在杰森有 12 根棒棒糖。杰森给了丹尼多少根棒棒糖？;逐步解答：杰森一开始有 20 根棒棒糖，但现在他只有 12 根了，所以他给了丹尼 20 - 12 = 8 根棒棒糖。答案是 8。
zho_Hant;问题：如果停车场里有 3 辆车，又来了 2 辆车，停车场里有多少辆车？;逐步解答：一开始有 3 辆车，又来了 2 辆，所以现在应该有 3 + 2 = 5 辆车。答案是 5。
rus_Cyrl;Задача: у Роджера 5 теннисных мячей. Он покупает еще 2 банки теннисных мячей. В каждой банке 3 теннисных мяча. Сколько теннисных мячей у него сейчас?;Пошаговое решение: в начале у Роджера было 5 мячей. 2 банки по 3 теннисных мяча каждая — это 6 теннисных мячей. 5 + 6 = 11. Ответ — 11.
rus_Cyrl;Задача: в серверной было девять компьютеров. Каждый день с понедельника по четверг устанавливалось еще по пять компьютеров. Сколько компьютеров сейчас в серверной?компьютеров.;Пошаговое решение: с понедельника по четверг прошло 4 дня. Каждый день добавляли по 5 компьютеров. То есть всего добавили 4 * 5 = 20 компьютеров. Вначале было 9 компьютеров, значит, теперь стало 9 + 20 = 29 компьютеров. Ответ — 29.
rus_Cyrl;Задача: у Лии было 32 шоколадных конфеты, а у ее сестры — 42. Если 35 они съели, сколько всего штук у них осталось?;Пошаговое решение: у Лии было 32 шоколадных конфеты, а у сестры Лии — 42. Значит, первоначально было 32 + 42 = 74 шоколадных конфеты. 35 съели. Значит, всего осталось 74 - 35 = 39 шоколадных конфет. Ответ — 39.
rus_Cyrl;Задача: у Шона было пять игрушек. На Рождество он получил по две игрушки от мамы и от папы. Сколько у него сейчас игрушек?;Пошаговое решение: у него было 5 игрушек. Он получил 2 от мамы, и после этого у него стало 5 + 2 = 7 игрушек. Потом он получил еще 2 от папы, так что в общей сложности у него стало 7 + 2 = 9 игрушек. Ответ — 9.
rus_Cyrl;Задача: у Майкла было 58 мячей для гольфа. Во вторник он потерял 23 мяча для гольфа. В среду он потерял еще 2. Сколько мячей для гольфа осталось у него к концу среды?;Пошаговое решение: вначале у Майкла было 58 мячей для гольфа, 23 он потерял, и у него осталось 58 - 23 = 35. После этого он потерял еще 2, и теперь у него осталось 35 - 2 = 33 мяча. Ответ — 33.
rus_Cyrl;Задача: у Оливии было 23 $. Она купила пять рогаликов по 3 $. Сколько денег у нее осталось?;Пошаговое решение: 5 рогаликов по 3 $ стоят 5 * 3 = 15 долларов. Вначале у Оливии было 23 $, значит, теперь у нее осталось 23 - 15 = 8 $. Ответ — 8.
rus_Cyrl;Задача: у Джейсона было 20 леденцов. Он дал несколько леденцов Дэнни. Теперь у Джейсона осталось 12 леденцов. Сколько леденцов Джейсон дал Дэнни?;Пошаговое решение: вначале у Джейсона было 20 леденцов, а теперь осталось только 12, значит, он дал Дэнни 20 - 12 = 8 леденцов. Ответ — 8.
rus_Cyrl;Задача: если на парковке 3 автомобиля и подъезжают еще 2, сколько автомобилей на парковке?;Пошаговое решение: вначале есть 3 автомобиля, подъезжают еще 2, значит, теперь там должно быть 3 + 2 = 5 автомобилей. Ответ — 5.
swa_Latn;Swali: Roger ana mipira 5 ya tenisi. Ananunua mikebe 2 zaidi ya mipira ya tenisi. Kila mkebe una mipira 3 ya tenisi. Ana mipira mingapi ya tenisi kwa sasa?;Jibu la Hatua kwa Hatua: Roger alianza kwa mipira 5. Mikebe 2 yenye mipira 3 ya tenisi kila oja ni mipira 6 ya tenisi. 5 + 6 = 11. Jibu ni 11.
swa_Latn;Swali: Kuna kompyuta tisa katika chumba cha seva. Kompyuta tano zaidi zilisakinishwa kila siku, kuanzia Jumatatu hadi Alhamisi. Kuna kompyuta ngapi wkenye chumba cha seva kufikia sasa?;Jibu la Hatua kwa Hatua: Kuna siku 4 kuanzia Jumatatu mpaka Alhamisi. Kompyuta 5 ziliongezwa kila siku. Hiyo inamaanisha kuwa kwa jumla kompyuta 4 * 5 = 20 ziliongezwa. Kulikuwa na kompyuta 9 mwanzoni, hivyo sasa kuna kompyuta 9 + 20 = 29. Jibu ni 29.
swa_Latn;Swali: Leah alikuwa na chokoleti 32 na dadake alikuwa na 42. Iwapo walikula 35, wamesalia na chokoleti ngapi kwa jumla?;Jibu la Hatua kwa Hatua: Lea alikuwa na chokoleti 32 na dadake Leah alikuwa na 42. Hiyo inamaanisha kuwa awali kulikuwa na chokoleti 32 + 42 + 74. 35 zimeliwa. Hivyo kwa jumla bado kuna chokoleti 74 - 35 = 39. Jibu ni 39.
swa_Latn;Swali: Shawn ana wanasesere watano. Siku ya Krismasi, alipata wanasesere wawili kutoka kwa mamake na babake kila mmoja. Sasa ana wanasesere wangapi kwa sasa?;Jibu la Hatua kwa Hatua: Ana wanasesere 5. Alipata 2 kutoka kwa mama, hivyo baada ya hapo alikuwa na wanasesere 5 + 2 = 7. Kisha alipata 2 zaidi kutoka kwa baba, hivyo kwa jumla alikuwa na wanasesere 7 + 2 = 9. Jibu ni 9.
swa_Latn;Swali: Michael alikuwa na mipira 58 ya gofu. Jumanne, alipoteza mipira 23 ya gofu. Jumatano, alipoteza mipira 2 zaidi. Alikuwa na mipira mingapi ya gofu kufikia mwishoni mwa Jumatano?;Jibu la Hatua kwa Hatua: Michael alianza na mipira 58 ya gofu na akapoteza 23, hivyo ana 58 - 23 = 35. Baadaye alipoteza 2 zaidi, sasa ana mipira 35 - 2 = 33. Jibu ni 33.
swa_Latn;Swali: Olivia ana $23. Alinunua bageli tano kwa $3 kila moja. Amesalia na pesa ngapi?;Jibu la Hatua kwa Hatua: Bageli 5 za $3 kila moja zinafaa kugharimu 5 * 3 = dola 15. Olivia alikuwa na $23 mwanzoni, sasa amesalia na dola 23 - 15 = 8. Jibu ni 8.
swa_Latn;Swali: Jason alikuwa na pipi 20. Alimpa Denny pipi nyingine, Sasa Jason amesalia na pipi 12. Jason alimpa Denny pipi ngapi?;Jibu la Hatua kwa Hatua: Jason alianza na pipi 20, lakini sasa ana 12, hivyo alimpa Denny pipi 20 - 12 = 8. Jibu ni 8.
swa_Latn;Swali: Ikiwa kuna magari 3 katika eneo la maegesho na magari 2 zaidi yameongezeka, kuna magari mangapi kwa jumla katika eneo la maegesho?;Jibu la Hatua kwa Hatua: Mwanzoni kuna magari 3, 2 zaidi yameongezeka hivyo kutakuwa na magari 3 + 2 = 5. Jibu ni 5.
bul_Cyrl;Въпрос: Роджър има 5 тенис топки. Купува още 2 кутии с тенис топки. Всяка кутия има 3 тенис топки. Колко топки за тенис има сега? ;Отговор: Роджър започна с 5 топки. 2 кутии с 3 тенис топки всяка е 6 тенис топки. 5+6=11. Отговорът е 11. 
bul_Cyrl;Въпрос: Имаше девет компютъра в сървърната стая. Всеки ден, от понеделник до четвъртък, се монтираха още пет компютъра. Колко компютъра има в сървърната стая? ;Отговор: От понеделник до четвъртък има 4 дни. Всеки ден се добавяха 5 компютъра. Това означава, че общо 4 * 5 = 20 компютъра са били добавени. В началото имаше 9 компютъра, така че сега има 9 + 20 = 29 компютъра. Отговорът е 29. 
bul_Cyrl;Въпрос: Лия имаше 32 шоколада, а сестра й 42. Ако са изяли 35, колко парчета са им останали? ;Отговор: Лия имаше 32 шоколада, а сестра й 42. Това означава, че първоначално има 32 + 42 = 74 шоколада. 35 са били изядени. Така че в общия брой те все още имат 74 - 35 = 39 шоколада. Отговорът е 39. 
bul_Cyrl;Въпрос: Шон има пет играчки. За Коледа, той получи по две играчки от майка си и баща си. Колко играчки има сега? ;Отговор: Той има 5 играчки. Той получи 2 от мама, така че след това той има 5 + 2 = 7 играчки. След това той получи още 2 от татко, така че общо има 7 + 2 = 9 играчки. Отговорът е 9. 
bul_Cyrl;Въпрос: Майкъл имаше 58 топки за голф. Във вторник е загубил 23 топки за голф. В сряда е загубил още двама. Колко топки за голф имаше в края на сряда? ;Отговор: Майкъл започнал с 58 топки за голф и загубил 23, така че има 58 - 23 = 35. След като загуби още две, сега има 35 - 2 = 33 топки. Отговорът е 33. 
bul_Cyrl;Въпрос: Оливия има 23 долара. Купи пет булета за по 3 долара. Колко пари й останаха? ;Отговор: 5 геврека за 3 долара трябва да струват 5 * 3 = 15 долара. Оливия имаше 23 долара в началото, така че сега й остават 23 - 15 = 8 долара. Отговорът е 8. 
bul_Cyrl;Въпрос: Джейсън имаше 20 леденца. Даде на Дени леденца. Сега Джейсън има 12 леденца. Колко леденца даде Джейсън на Дени? ;Отговор: Джейсън започнал с 20 леденца, но сега имал само 12, така че дал на Дени 20 - 12 = 8 леденца. Отговорът е 8. 
bul_Cyrl;Въпрос: Ако има 3 коли на паркинга и още 2 коли пристигат, колко коли има на паркинга? ;Отговор: В началото има 3 коли, а след това пристигат още 2, така че сега трябва да има 3 + 2 = 5 коли. Отговорът е 5. 
cat_Latn;Pregunta: Roger té 5 boles de tennis. Compra 2 botigues més de boles de tennis. Cada llauna té 3 boles de tennis. Quantes boles de tennis té ara? ;Resposta Pas a Pas: Roger va començar amb 5 boles. 2 llaunes de 3 boles de tennis cadascuna són 6 boles de tennis. 5 + 6 = 11. La resposta és 11. 
cat_Latn;Pregunta: Hi havia nou ordinadors a la sala de servidors. Es van instal·lar cinc ordinadors més cada dia, de dilluns a dijous. Quants ordinadors hi ha ara a la sala de servidors? ;Resposta Pas a Pas: Hi ha 4 dies del dilluns al dijous. Cada dia s'afegiren 5 ordinadors. Això significa que en total s'han afegit 4 * 5 = 20 ordinadors. Al principi hi havia 9 ordinadors, així que ara hi ha 9 + 20 = 29 ordinadors. La resposta és 29. 
cat_Latn;Pregunta: Leah tenia 32 xocolates i la seva germana 42. Si van menjar 35, quantes peces els han quedat en total? ;Resposta Pas a Pas: Leah tenia 32 xocolates i la germana de Leah en tenia 42. Això vol dir que originalment hi havia 32 + 42 = 74 xocolates. 35 han estat menjats. Així que en total encara tenen 74 - 35 = 39 xocolates. La resposta és 39. 
cat_Latn;Pregunta: Shawn té cinc joguines. Per Nadal, va rebre dues joguines de la seva mare i el seu pare. Quantes joguines té ara? ;Resposta Pas a Pas: Té 5 joguines. La mare li va donar dues, així que després d'això té 5 + 2 = 7 joguines. Després va rebre 2 més del pare, així que en total té 7 + 2 = 9 joguines. La resposta és 9. 
cat_Latn;Pregunta: Michael tenia 58 boles de golf. El dimarts, va perdre 23 boles de golf. Dimecres, va perdre 2 més. Quantes boles de golf tenia al final de dimecres? ;Resposta Pas a Pas: Michael va començar amb 58 boles de golf i va perdre 23, així que té 58 - 23 = 35. Després de perdre 2 més, ara té 35 - 2 = 33 boles. La resposta és 33. 
cat_Latn;Pregunta: l'Olivia té 23 dòlars. Va comprar cinc bagels per 3 dòlars cada un. Quants diners li queden? ;Resposta Pas a Pas: 5 bagels per 3 dòlars cada un ha de costar 5 * 3 = 15 dòlars. Olivia tenia 23 dòlars al principi, així que ara li queden 23 - 15 = 8 dòlars. La resposta és 8. 
cat_Latn;Pregunta: Jason tenia 20 caramel·les. Va donar a Denny unes caramel·les. Ara Jason té 12 caramel·les. Quants caramel·les li va donar Jason a Denny? ;Resposta Pas a Pas: Jason va començar amb 20 caramel·les, però ara només en té 12, així que va donar a Denny 20 - 12 = 8 caramel·les. La resposta és 8. 
cat_Latn;Pregunta: Si hi ha 3 cotxes en el pàrquing i arriben 2 cotxes més, quants cotxes hi ha al pàrquing? ;Resposta Pas a Pas: Hi ha 3 cotxes al principi, arriben 2 més, així que ara hauria de ser 3 + 2 = 5 cotxes. La resposta és 5. 
ces_Latn;Otázka: Roger má 5 tenisových míčků. Koupil si další dvě plechovky tenisových míčků. Každá plechovka má 3 tenisové míčky. Kolik tenisových míčků má teď? ;Odpověď krok za krokem: Roger začal s pěti míči. 2 plechovky 3 tenisových míčků každá je 6 tenisových míčků. 5 plus 6 je 11. Odpověď je 11. 
ces_Latn;Otázka: V serverové místnosti bylo devět počítačů. Každý den od pondělí do čtvrtka bylo nainstalováno dalších pět počítačů. Kolik počítačů je teď v serverové místnosti? ;Odpověď krok za krokem: Od pondělí do čtvrtka jsou 4 dny. Každý den se přidalo 5 počítačů. To znamená, že celkem 4 krát 5 = 20 počítačů bylo přidáno. Na začátku bylo 9 počítačů, takže teď je 9 plus 20 = 29 počítačů. Odpověď je 29. 
ces_Latn;Otázka: Leah měla 32 čokolád a její sestra 42. Pokud snědli 35, kolik kusů jim zbylo? ;Odpověď krok za krokem: Leah měla 32 čokolád a Leahina sestra 42. To znamená, že původně bylo 32 + 42 = 74 čokolád. 35 jich bylo snězeno. Takže celkově máme 74 mínus 35 = 39 čokolád. Odpověď je 39. 
ces_Latn;Otázka: Shawn má pět hraček. Na Vánoce dostal od mámy a táty po dvou hračkách. Kolik hraček má teď? ;Odpověď krok za krokem: Má 5 hraček. Má 2 od mámy, takže potom má 5 + 2 = 7 hraček. Pak dostal další dvě od táty, takže celkově má 7 + 2 = 9 hraček. Odpověď je 9. 
ces_Latn;Otázka: Michael měl 58 golfových míčků. V úterý ztratil 23 golfových míčků. Ve středu ztratil další dva. Kolik míčků pro golf měl na konci středy? ;Odpověď krok za krokem: Michael začal s 58 golfovými míči a ztratil 23, takže má 58 - 23 = 35. Když ztratil další dvě, má 35 - 2 = 33 koulí. Odpověď je 33. 
ces_Latn;Otázka: Koupila pět bagelů za 3 dolary za kus. Kolik jí zbývá peněz? ;Odpověď krok za krokem: 5 bagelů za 3 dolary by mělo stát 5 krát 3 = 15 dolarů. Olivia měla na začátku 23 dolarů, takže jí teď zbývá 23 - 15 = 8 dolarů. Odpověď je 8. 
ces_Latn;Otázka: Jason měl 20 lízátek. Dal Dennymu lízátka. Jason má teď 12 lízátek. Kolik lízátek dal Jason Dennymu? ;Odpověď krok za krokem: Jason začal s 20 lízátkami, ale teď jich má jen 12, takže dal Dennymu 20 - 12 = 8 lízátek. Odpověď je 8. 
ces_Latn;Otázka: Pokud jsou na parkovišti 3 auta a přijedou další 2 auta, kolik aut je na parkovišti? ;Odpověď krok za krokem: Na začátku jsou 3 auta, přijdou další 2, takže teď by mělo být 3 + 2 = 5 aut. Odpověď je 5. 
dan_Latn;Spørgsmål: Roger har fem tennisbolde. Han køber to dåser mere tennisbolde. Hver dåse har tre tennisbolde. Hvor mange tennisbolde har han nu? ;Svaret er: Roger startede med 5 bolde. 2 dåser med 3 tennisbolde hver er 6 tennisbolde. 5 + 6 er 11. Svaret er 11. 
dan_Latn;Spørgsmål: Der var ni computere i serverrummet. Hver dag fra mandag til torsdag blev der installeret fem nye computere. Hvor mange computere er der i serverrummet? ;Svaret er: Der er 4 dage fra mandag til torsdag. Hver dag blev der tilføjet 5 computere. Det betyder, at der i alt blev tilføjet 4 gange 5 = 20 computere. Der var 9 computere i begyndelsen, så nu er der 9 + 20 = 29 computere. Svaret er 29. 
dan_Latn;Spørgsmål: Leah havde 32 chokolade og hendes søster havde 42. Hvis de spiste 35, hvor mange stykker har de så i alt tilbage? ;Svaret er: Leah havde 32 chokolade og Leahs søster havde 42. Det betyder, at der oprindeligt var 32 + 42 = 74 chokolade. 35 er blevet spist. Så i alt har de stadig 74 minus 35 = 39 chokolade. Svaret er 39. 
dan_Latn;Spørgsmål: Shawn har fem legetøj. Han fik to legetøj hver fra sin mor og far. Hvor mange legetøj har han nu? ;Svaret er: Han har fem legetøj. Han fik 2 af mor, så efter det har han 5 + 2 = 7 legetøj. Så fik han to mere fra far, så i alt har han 7 + 2 = 9 legetøj. Svaret er 9. 
dan_Latn;Spørgsmål: Michael havde 58 golfbolde. Tirsdag mistede han 23 golfbolde. Onsdag mistede han to flere. Hvor mange golfbolde havde han ved onsdag? ;Svaret er: Michael startede med 58 golfbolde og mistede 23, så han har 58 minus 23 = 35. Efter at have tabt to mere, har han nu 35 - 2 = 33 bolde. Svaret er 33. 
dan_Latn;Spørgsmål: Olivia har 23 dollars. Hun købte fem bagels for tre dollar hver. Hvor mange penge har hun tilbage? ;Svaret er: 5 bagels til 3 dollars hver burde koste 5 gange 3 = 15 dollars. Olivia havde 23 dollars i begyndelsen, så nu har hun 23 minus 15 = 8 dollars tilbage. Svaret er 8. 
dan_Latn;Spørgsmål: Jason havde 20 slikker. Han gav Denny nogle slikker. Nu har Jason 12 slikker. Hvor mange slikker gav Jason Denny? ;Svaret er: Jason startede med 20 slikker, men nu har han kun 12, så han gav Denny 20 - 12 = 8 slikker. Svaret er 8. 
dan_Latn;Spørgsmål: Hvis der er 3 biler på parkeringspladsen og 2 biler kommer, hvor mange biler er der så på parkeringspladsen? ;Svaret er: Der er 3 biler i begyndelsen, 2 kommer til, så nu burde der være 3 + 2 = 5 biler. Svaret er 5. 
fin_Latn;Kysymys: Rogerilla on viisi tenniskalloa. Hän ostaa kaksi tölkkiä tennispalloja. Jokaisessa purkissa on kolme tenniskalloa. Montako tenniskalloa hänellä on nyt? ;Roger aloitti viiden pallon kanssa. Kaksi tölkkiä, joista kukin on kuusi tenniskulmaa. Viisi plus kuusi on yksitoista. Vastaus on 11. 
fin_Latn;Kysymys: Palvelimen huoneessa oli yhdeksän tietokonetta. Viisi uutta tietokonetta asennettiin joka päivä maanantaista torstaihin. Montako tietokonetta palvelimen huoneessa on? ;Vaiheittainen vastaus: Maanantaista torstaihin on neljä päivää. Joka päivä lisättiin viisi tietokonetta. Se tarkoittaa, että yhteensä 4 * 5 = 20 tietokonetta lisättiin. Alussa oli 9 tietokonetta, joten nyt on 9 + 20 = 29 tietokonetta. Vastaus on 29. 
fin_Latn;Kysymys: Leahilla oli 32 suklaata ja hänen siskollaan 42. Jos he söivät 35 kappaletta, kuinka monta kappaletta heillä on jäljellä? ;Vaiheittainen vastaus: Leahilla oli 32 suklaata ja Leah'n sisarella 42. Se tarkoittaa, että alun perin oli 32 + 42 = 74 suklaata. 35 on syödyt. Joten yhteensä heillä on vielä 74 - 35 = 39 suklaata. Vastaus on 39. 
fin_Latn;Kysymys: Shawnilla on viisi leluja. Hän sai jouluna kaksi lelua isältään ja äidiltään. Montako lelua hänellä on nyt? ;Vaiheittainen vastaus: Hänellä on viisi leluja. Hän sai 2 lelua äidiltään, joten sen jälkeen hänellä on 5 + 2 = 7 lelua. Sitten hän sai isältä kaksi lisää, joten yhteensä hänellä on 7 + 2 = 9 lelua. Vastaus on yhdeksän. 
fin_Latn;Kysymys: Michaelilla oli 58 golfpalloa. Tiistaina hän menetti 23 golfpalloa. Keskiviikkona hän menetti kaksi lisää. Montako golfpalloa hänellä oli keskiviikon lopussa? ;Vaiheittainen vastaus: Michaelilla oli aluksi 58 golfpalloa ja hän menetti 23, joten hänellä on 58 - 23 = 35. Kun hän menetti kaksi lisää, hänellä on nyt 35 - 2 = 33 palloa. Vastaus on 33. 
fin_Latn;Kysymys: Olivialla on 23 dollaria. Hän osti viisi leivosta kolmelta dollarilta. Paljonko hänellä on rahaa jäljellä? ;Vaiheittainen vastaus: 5 leivänpullon hinta on 3 dollaria, ja sen pitäisi maksaa 5 * 3 = 15 dollaria. Olivialla oli alussa 23 dollaria, joten nyt hänellä on 23 - 15 = 8 dollaria jäljellä. Vastaus on 8. 
fin_Latn;Kysymys: Jasonilla oli 20 suihkutusleipää. Hän antoi Dennylle lippuja. Nyt Jasonilla on 12 sulakkaa. Montako suihkkua Jason antoi Dennylle? ;Vaiheittainen vastaus: Jason aloitti 20 suihkutusleivästä, mutta nyt hänellä on vain 12, joten hän antoi Dennylle 20 - 12 = 8 suihkutusleipää. Vastaus on 8. 
fin_Latn;Kysymys: Jos parkkipaikalla on kolme autoa ja kaksi autoa tulee, kuinka monta autoa parkkipaikalla on? ;Vaiheittainen vastaus: Alussa oli 3 autoa, 2 autoa lisää saapui, joten nyt pitäisi olla 3 + 2 = 5 autoa. Vastaus on viisi. 
hrv_Latn;Pitanje: Roger ima pet teniskih loptica. Kupio je još dvije limenke teniskih loptica. Svaka limenka ima 3 teniske loptice. Koliko tenis loptica ima sada? ;Odgovor korak po korak: Roger je počeo s 5 loptica. 2 konzerve od 3 teniske loptice, svaka je 6 teniske loptice. 5 + 6 je jednako 11. Odgovor je 11. 
hrv_Latn;Pitanje: Bilo je devet računala u server sobi. Svakog dana, od ponedjeljka do četvrtka, postavljeno je još pet računala. Koliko je računala u server sobi? ;Odgovor korak po korak: Od ponedjeljka do četvrtka ima 4 dana. Svaki dan se dodaje 5 računala. To znači da je ukupno 4 * 5 = 20 kompjutera dodano. U početku je bilo 9 računala, pa sada ima 9 + 20 = 29 računala. Odgovor je 29. 
hrv_Latn;Pitanje: Leah je imala 32 čokolade, a njena sestra 42. Ako su pojeli 35, koliko im je komada ostalo? ;Odgovor korak po korak: Leah je imala 32 čokolade, a Leahina sestra 42. To znači da je prvobitno bilo 32 + 42 = 74 čokolade. 35 je pojedeno. Dakle, ukupno imaju 74 - 35 = 39 čokolada. Odgovor je 39. 
hrv_Latn;Pitanje: Shawn ima pet igračaka. Za Božić je dobio po dvije igračke od svoje mame i tate. Koliko igračaka ima sada? ;Odgovor korak po korak: On ima pet igračaka. Dobio je 2 od mame, pa nakon toga ima 5 + 2 = 7 igračaka. Onda je dobio još 2 od tate, tako da ukupno ima 7 + 2 = 9 igračaka. Odgovor je 9. 
hrv_Latn;Pitanje: Michael je imao 58 loptica za golf. U utorak je izgubio 23 loptice za golf. U srijedu je izgubio još dva. Koliko je loptica za golf imao na kraju srijede? ;Odgovor korak po korak: Michael je počeo s 58 loptica za golf i izgubio 23, tako da ima 58 - 23 = 35. Nakon što je izgubio još dva, sada ima 35 - 2 = 33 loptice. Odgovor je 33. 
hrv_Latn;Pitanje: Olivia ima 23 dolara. Kupila je pet peciva po 3 dolara. Koliko joj je novca ostalo? ;Odgovor korak po korak: 5 peciva po 3 dolara svaki bi trebao koštati 5 * 3 = 15 dolara. Olivia je imala 23 dolara na početku, tako da joj je sada ostalo 23 minus 15 = 8 dolara. Odgovor je 8. 
hrv_Latn;Pitanje: Jason je imao 20 lizalica. Dao je Dennyju neki lizalice. Sada Jason ima 12 lizalica. Koliko je lizalica Jason dao Dennyju? ;Odgovor korak po korak: Jason je počeo s 20 lizalica, ali sada ima samo 12, pa je Dennyju dao 20 - 12 = 8 lizalica. Odgovor je 8. 
hrv_Latn;Pitanje: Ako su 3 automobila na parkiralištu i još 2 automobila stižu, koliko je automobila na parkiralištu? ;Odgovor korak po korak: Na početku su bila 3 kola, stigla su još 2, pa sada bi trebalo biti 3 + 2 = 5 kola. Odgovor je 5. 
hun_Latn;Kérdés: Roger-nek van 5 teniszlabdája. Még két doboz teniszlabdát vesz. Minden dobozban van 3 teniszlabda. Hány teniszlabda van most? ;Lépésről lépésre: Roger 5 golyóval kezdte. 2 doboz 3 teniszlabdából, mindegyikből 6 teniszlabda. 5 + 6 = 11. A válasz: 11. 
hun_Latn;Kérdés: Kilenc számítógép volt a szerverteremben. Minden nap öt újabb számítógépet telepítettek, hétfőtől csütörtökig. Hány számítógép van most a szerver szobában? ;Lépésről-lépésre válasz: Hétfőtől csütörtökig 4 nap van. Minden nap 5 számítógép került hozzá. Ez azt jelenti, hogy összesen 4 * 5 = 20 számítógép került hozzá. Kezdetben 9 számítógép volt, így most 9 + 20 = 29 számítógép van. A válasz: 29. 
hun_Latn;Kérdés: Leah-nak 32 csokoládéja volt, a nővérének meg 42. Ha 35 darabot ettek, hány darab maradt nekik? ;Lépésről lépésre: Leah-nak 32 csokoládéja volt, és Leah húgának 42. Ez azt jelenti, hogy eredetileg 32 + 42 = 74 csokoládé volt. 35 embert megettek. Összesen 74 - 35 = 39 csokoládé. A válasz: 39. 
hun_Latn;Kérdés: Shawnnak öt játéka van. Karácsonyra két játékot kapott az anyjától és az apjától. Hány játék van most? ;Lépésről-lépésre: 5 játéka van. Anyától kapott kettőt, így utána 5 + 2 = 7 játék. Aztán még kettőt kapott apától, így összesen 7 + 2 = 9 játék. A válasz: 9. 
hun_Latn;Kérdés: Michaelnek 58 golflabdája volt. Kedden 23 golflabdát vesztett el. Szerdán még kettőt veszített el. Hány golfozója volt szerdán? ;Lépésről lépésre:Michael 58 golfozóval kezdte, és 23 golfozót vesztett el, így 58 - 23 = 35. Miután elvesztett még 2 golyót, most 35 - 2 = 33 golyója van. A válasz: 33. 
hun_Latn;Kérdés: Oliviának 23 dollárja van. Öt bagelt vett 3 dollárért. Mennyi pénze maradt? ;Lépésről-lépésre: 5 bagel 3 dollárért, mindegyiknek 5 * 3 = 15 dollárnak kellene lennie. Olivia-nak 23 dollárja volt a kezdetekben, így most 23 - 15 = 8 dollárja maradt. A válasz: 8. 
hun_Latn;Kérdés: Jasonnak volt 20 nyalókája. Adott Dennynek egy kis nyalókát. Most Jasonnak 12 nyalókája van. Jason hány nyalókát adott Denny-nek? ;Lépésről lépésre: Jason 20 nyalókával kezdte, de most már csak 12 van, ezért Dennynek 20 - 12 = 8 nyalókát adott. A válasz: 8. 
hun_Latn;Kérdés: Ha 3 autó van a parkolóban és még 2 autó érkezik, hány autó van a parkolóban? ;Lépésről lépésre: Kezdetben 3 autó volt, aztán jöttek még kettő, így most 3 + 2 = 5 autó lesz. A válasz az öt. 
ind_Latn;Pertanyaan: Roger memiliki 5 bola tenis. Dia membeli 2 kaleng lagi bola tenis. Setiap kaleng memiliki 3 bola tenis. Berapa banyak bola tenis yang dia miliki sekarang? ;Jawaban Langkah-demi-Langkah: Roger memulai dengan 5 bola. 2 kaleng 3 bola tenis masing-masing adalah 6 bola tenis. 5 + 6 = 11. Jawabannya adalah 11. 
ind_Latn;Pertanyaan: Ada sembilan komputer di ruang server. Lima komputer lagi dipasang setiap hari, dari Senin sampai Kamis. Berapa banyak komputer yang ada di ruang server? ;Jawaban Langkah-demi-Langkah: Ada 4 hari dari hari Senin sampai Kamis. 5 komputer ditambahkan setiap hari. Itu berarti total 4 * 5 = 20 komputer ditambahkan. Ada 9 komputer pada awalnya, jadi sekarang ada 9 + 20 = 29 komputer. Jawabannya adalah 29. 
ind_Latn;Pertanyaan: Leah memiliki 32 coklat dan adiknya memiliki 42. Jika mereka makan 35, berapa banyak potongan yang tersisa? ;Jawaban Langkah-demi-Langkah: Leah memiliki 32 coklat dan kakak Leah memiliki 42. Itu berarti awalnya ada 32 + 42 = 74 cokelat. 35 telah dimakan. Jadi total mereka masih memiliki 74 - 35 = 39 cokelat. Jawabannya adalah 39. 
ind_Latn;Pertanyaan: Shawn memiliki lima mainan. Untuk Natal, dia mendapat dua mainan masing-masing dari ibu dan ayahnya. Berapa banyak mainan yang dia miliki sekarang? ;Jawaban Langkah demi Langkah: Dia memiliki 5 mainan. Dia mendapat 2 dari ibu, jadi setelah itu dia memiliki 5 + 2 = 7 mainan. Lalu dia mendapat 2 lagi dari ayah, jadi totalnya dia punya 7 + 2 = 9 mainan. Jawabannya adalah 9. 
ind_Latn;Pertanyaan: Michael memiliki 58 bola golf. Pada hari Selasa, dia kehilangan 23 bola golf. Pada hari Rabu, dia kehilangan 2 lagi. Berapa banyak bola golf yang dia miliki pada akhir hari Rabu? ;Jawaban Langkah-demi-Langkah: Michael memulai dengan 58 bola golf dan kehilangan 23, jadi dia memiliki 58 - 23 = 35. Setelah kehilangan 2 lagi, dia memiliki 35 - 2 = 33 bola sekarang. Jawabannya adalah 33. 
ind_Latn;Pertanyaan: Olivia memiliki $ 23. Dia membeli lima bagel seharga $3 masing-masing. Berapa banyak uang yang dia punya? ;Jawaban Langkah demi Langkah: 5 bagel seharga $3 masing-masing harus berharga 5 * 3 = 15 dolar. Olivia memiliki $23 pada awalnya, jadi sekarang dia memiliki 23 - 15 = 8 dolar tersisa. Jawabannya adalah 8. 
ind_Latn;Pertanyaan: Jason memiliki 20 permen. Dia memberi Denny beberapa permen karet. Sekarang Jason memiliki 12 permen karet. Berapa banyak permen permen yang diberikan Jason pada Denny? ;Jawaban Langkah demi Langkah: Jason mulai dengan 20 permen permen, tetapi sekarang dia hanya memiliki 12, jadi dia memberi Denny 20 - 12 = 8 permen permen. Jawabannya adalah 8. 
ind_Latn;Pertanyaan: Jika ada 3 mobil di tempat parkir dan 2 mobil lagi tiba, berapa banyak mobil di tempat parkir? ;Jawaban Langkah-demi-Langkah: Ada 3 mobil di awal, 2 lagi tiba, jadi sekarang seharusnya ada 3 + 2 = 5 mobil. Jawabannya adalah 5. 
ita_Latn;Domanda: Roger ha 5 palle da tennis. Compra altre due lattine di palle da tennis. Ogni lattina ha 3 palline da tennis. Quante palle da tennis ha ora? ;Risposta passo passo: Roger ha iniziato con 5 palle. 2 lattine di 3 palline da tennis ognuna fa 6 palline da tennis. 5 + 6 = 11. La risposta è 11. 
ita_Latn;Domanda: C'erano nove computer nella sala server. Ogni giorno, dal lunedì al giovedì, venivano installati altri cinque computer. Quanti computer ci sono ora nella sala server? ;Risposta passo passo: Ci sono 4 giorni dal lunedì al giovedì. Ogni giorno si aggiungevano 5 computer. Ciò significa che in totale sono stati aggiunti 4 * 5 = 20 computer. All'inizio c'erano 9 computer, quindi ora ci sono 9 + 20 = 29 computer. La risposta è 29. 
ita_Latn;Domanda: Leah aveva 32 cioccolatini e sua sorella ne aveva 42. Se ne hanno mangiati 35, quanti pezzi ne rimangono in totale? ;Risposta passo passo: Leah aveva 32 cioccolatini e la sorella di Leah ne aveva 42. Questo significa che originariamente c'erano 32 + 42 = 74 cioccolatini. 35 sono stati mangiati. Quindi in totale hanno ancora 74 - 35 = 39 cioccolatini. La risposta è 39. 
ita_Latn;Domanda: Shawn ha cinque giocattoli. Per Natale, ha ricevuto due giocattoli da mamma e papà. Quanti giocattoli ha adesso? ;Risposta passo passo: Ha 5 giocattoli. Ne ha ricevuti 2 da mamma, quindi dopo di che ha 5 + 2 = 7 giocattoli. Poi ne ha prese altri due da papà, quindi in totale ha 7 + 2 = 9 giocattoli. La risposta è 9. 
ita_Latn;Domanda: Michael aveva 58 palline da golf. Martedì ha perso 23 palline da golf. Mercoledì ne ha persi altri due. Quante palline da golf aveva alla fine di mercoledì? ;Risposta passo passo: Michael ha iniziato con 58 palline da golf e ne ha perse 23, quindi ne ha 58 - 23 = 35. Dopo averne persi altri due, ha 35 - 2 = 33 palle. La risposta è 33. 
ita_Latn;Domanda: Olivia ha 23 dollari. Ha comprato cinque bagel per 3 dollari l'uno. Quanti soldi le sono rimasti? ;Risposta passo passo: 5 bagel a 3 dollari ciascuno dovrebbero costare 5 * 3 = 15 dollari. Olivia aveva 23 dollari all'inizio, quindi ora le rimangono 23 - 15 = 8 dollari. La risposta è 8. 
ita_Latn;Domanda: Jason ha mangiato 20 lecca-lecca. Ha dato a Denny dei lecca-lecca. Ora Jason ha 12 lecca-lecca. Quanti lecca-lecca ha dato Jason a Denny? ;Risposta passo passo: Jason ha iniziato con 20 lecca-lecca, ma ora ne ha solo 12, quindi ha dato a Denny 20 - 12 = 8 lecca-lecca. La risposta è 8. 
ita_Latn;Domanda: Se ci sono 3 auto nel parcheggio e arrivano altre 2 auto, quante auto ci sono nel parcheggio? ;Risposta passo passo: Ci sono 3 auto all'inizio, ne arrivano altre 2, quindi ora dovrebbero esserci 3 + 2 = 5 auto. La risposta è 5. 
kor_Hang;질문: 로저에게 테니스 공이 5개 있습니다. 그는 테니스 공을 두 통 더 사서 각 캔에는 테니스 공 3개가 있습니다. 지금 테니스 공이 몇 개나 있나요? ;단계별 답변: 로저는 5개의 공으로 시작했어요. 테니스 공 3개씩 두 통이면 6개의 테니스 공이 됩니다. 5 + 6 = 11 답은 11 입니다. 
kor_Hang;질문: 서버 룸에는 9개의 컴퓨터가 있었습니다. 월요일부터 목요일까지 매일 5대의 컴퓨터가 더 설치되었습니다. 서버 룸에는 지금 몇 대의 컴퓨터가 있나요? ;단계별 답변 월요일부터 목요일까지 4일이 있습니다. 매일 5대의 컴퓨터가 추가되었습니다. 즉, 총 4 * 5 = 20개의 컴퓨터가 추가되었습니다. 처음에는 9개의 컴퓨터가 있었는데, 이제 9 + 20 = 29개의 컴퓨터가 있습니다. 답은 29입니다. 
kor_Hang;질문: 레아는 32개의 초콜릿을 가지고 있었고 그녀의 여동생은 42개의 초콜릿을 가지고 있었습니다. 만약 그들이 35개를 먹었다면, 총 몇 조각이 남았을까요? ;단계별 답변: 레아는 32개의 초콜릿을 가지고 있었고 레아의 동생은 42개의 초콜릿을 가지고 있었습니다. 즉 원래 32 + 42 = 74개의 초콜릿이 있었습니다. 35개는 먹어 버렸어요 그래서 총 74 - 35 = 39개의 초콜릿이 남아 있습니다. 답은 39입니다. 
kor_Hang;질문: 은 다섯 개의 장난감을 가지고 있습니다. 크리스마스 때, 그는 엄마와 아빠로부터 각각 두 개의 장난감을 받았습니다. 지금 몇 개의 장난감이 있나요? ;단계적 해답: 그 아이 에게는 5 개 의 장난감 이 있습니다. 그는 엄마로부터 2개를 받았고, 그 후에 5 + 2 = 7개의 장난감을 가지고 있습니다. 그리고 아빠한테서 2개를 더 받았어요. 총 7개 더하면 2개, 9개에요. 답은 9 입니다. 
kor_Hang;질문: 마이클은 58개의 골프공을 가지고 있었습니다. 화요일, 그는 23개의 골프공을 잃었습니다. 수요일엔 두 명 더 잃었어요 수요일 말에는 몇 개의 골프공이 있었나요? ;단계적 답: 마이클은 58개의 골프공을 가지고 시작했고 23개를 잃었습니다. 그래서 그는 58 - 23 = 35을 가지고 있습니다. 2개의 공을 더 잃게 된 후, 그는 이제 35 - 2 = 33개의 공을 가지고 있습니다. 답은 33입니다. 
kor_Hang;질문: 올리비아는 23달러를 가지고 있습니다. 그녀는 각각 3달러에 베이글 5개를 샀다. 얼마나 많은 돈이 남아있나요? ;단계적 해답: 3달러 에 5개 의 베이글 은 5*3 = 15달러 로 해야 한다. 올리비아는 처음에 23달러를 가지고 있었는데, 이제 23-15=8달러가 남았습니다. 답은 8 입니다. 
kor_Hang;질문: 제이슨은 20개의 립을 먹었습니다. 데니에게 가락을 줬어 이제 제이슨은 12개의 가락을 가지고 있습니다. 제이슨이 데니에게 얼마나 많은 가락을 줬어? ;단계적 대답: 제이슨은 20개의 가락으로 시작했지만, 지금은 12개밖에 없으므로 데니에게 20 - 12 = 8개의 가락을 주었습니다. 답은 8 입니다. 
kor_Hang;질문: 주차장에 3대 차가 있고 2대 차가 더 도착하면 주차장에 몇 대의 차가 있어요? ;단계별 답변: 처음에는 3대차가 있고, 2대차가 더 도착해서 이제 3+2=5대차가 되어야 합니다. 답은 5 입니다. 
nld_Latn;Vraag: Roger heeft 5 tennisballen. Hij koopt nog twee blikjes tennisballen. Elk blikje heeft drie tennisballen. Hoeveel tennisballen heeft hij nu? ;Stap voor stap antwoord: Roger begon met 5 ballen. Twee blikjes van drie tennisballen elk is zes tennisballen. Vijf plus zes is elf. Het antwoord is 11. 
nld_Latn;Vraag: Er waren negen computers in de serverruimte. Elke dag werden er vijf extra computers geïnstalleerd, van maandag tot donderdag. Hoeveel computers zijn er nu in de serverruimte? ;Stap voor stap antwoord: Er zijn 4 dagen van maandag tot donderdag. Elke dag werden er 5 computers toegevoegd. Dat betekent dat in totaal 4 * 5 = 20 computers werden toegevoegd. Er waren in het begin 9 computers, dus nu zijn er 9 + 20 = 29 computers. Het antwoord is 29. 
nld_Latn;Vraag: Leah had 32 chocolade en haar zus 42. Als ze er 35 hebben gegeten, hoeveel stukken hebben ze dan nog over? ;Stap voor stap antwoord: Leah had 32 chocolade en Leah's zus had 42. Dat betekent dat er oorspronkelijk 32 + 42 = 74 chocoladebonbons waren. 35 zijn opgegeten. Dus in totaal hebben ze nog steeds 74 - 35 = 39 chocolade. Het antwoord is 39. 
nld_Latn;Vraag: Shawn heeft vijf speelgoed. Voor Kerstmis kreeg hij twee speelgoed van zijn ouders. Hoeveel speelgoed heeft hij nu? ;Stap voor stap antwoord: Hij heeft 5 speelgoed. Hij kreeg 2 van mama, dus daarna heeft hij 5 + 2 = 7 speelgoed. Toen kreeg hij er nog 2 van papa, dus in totaal heeft hij 7 + 2 = 9 speelgoed. Het antwoord is 9. 
nld_Latn;Vraag: Michael had 58 golfballen. Dinsdag verloor hij 23 golfballen. Woensdag verloor hij er nog twee. Hoeveel golfballen had hij aan het eind van woensdag? ;Stap voor stap antwoord: Michael begon met 58 golfballen en verloor er 23, dus hij heeft 58 - 23 = 35. Na nog 2 te hebben verloren, heeft hij nu 35 - 2 = 33 ballen. Het antwoord is 33. 
nld_Latn;Vraag: Olivia heeft 23 dollar. Ze kocht vijf bagels voor drie dollar per stuk. Hoeveel geld heeft ze nog over? ;Stap voor stap antwoord: 5 bagels voor $3 per stuk zouden 5 * 3 = 15 dollar moeten kosten. Olivia had 23 dollar in het begin, dus nu heeft ze 23 - 15 = 8 dollar over. Het antwoord is 8. 
nld_Latn;Vraag: Jason had 20 lolly's. Hij gaf Denny een lolly. Nu heeft Jason 12 lolly's. Hoeveel lolly's heeft Jason Denny gegeven? ;Stap voor stap antwoord: Jason begon met 20 lolly's, maar nu heeft hij er maar 12, dus gaf hij Denny 20 - 12 = 8 lolly's. Het antwoord is 8. 
nld_Latn;Vraag: Als er 3 auto's op de parkeerplaats staan en er komen er nog 2 aan, hoeveel auto's zijn er dan op de parkeerplaats? ;Stap voor stap antwoord: Er zijn 3 auto's in het begin, 2 komen er nog meer aan, dus nu zouden er 3 + 2 = 5 auto's moeten zijn. Het antwoord is 5. 
nno_Latn;Spørsmål: Roger har fem tennisballar. Han kjøpte to fleire tennisspill. Kvar kan ha 3 tennisball. Kor mange tennisball har han no? ;Trinnvis svar: Han byrja med fem ballar. 2 boksar med 3 tennisball er det same som 6 tennisball. Fem pluss seks er elleve. Svaret er 11. 
nno_Latn;Spørsmål: Det var ni datamaskinar på serveren. Fem fleire datamaskinar blei installerte kvar dag, frå måndag til torsdag. Kor mange datamaskinar er det no i serverromet? ;Trinnvis svar: Det er 4 dagar frå måndag til torsdag. Fem datamaskinar vart tilført kvar dag. Det tyder at totalt 4 * 5 = 20 datamaskinar vart lagt til. Det var 9 datamaskinar i byrjinga, så no er det 9 + 20 = 29 datamaskinar. Svaret er 29. 
nno_Latn;Spørsmål: Leah hadde 32 sjokolade og syster hennar hadde 42. Om dei åt 35, kor mange stykke hadde dei då att? ;Trinnvis svar: Leah hadde 32 sjokolade og syster hennar hadde 42. Det tyder at 32 + 42 er det same som 74. 35 har vorte ete. Dei hadde 74, minus 35, det er 39 chokladekar. Svaret er 39. 
nno_Latn;Spørsmål: Shawn har fem leker. For jula fekk han to leikar kvar frå mamma og pappa. Kor mange leikar har han no? ;Trinnvis svar: Han har 5 leikar. Han fekk to av mor si, og etter det hadde han 5 + 2 som liknar 7 med leikur. Og så fekk han to til frå pappa, og tilsamans hadde han 7 + 2 = 9 leker. Svaret er 9. 
nno_Latn;Spørsmål: Michael hadde 58 golfball. Han mista 23 golfball seinare på kvelden. På onsdag mistar han 2 til. Kor mange golfball hadde han i slutten av kvardagen? ;Trinnvis svar: Michael starta med 58 golfball og mista 23 så han hadde 58 - 23 = 35. Etter å ha mista 2 av dei, hadde han 35 - 2 = 33 bollar. Svaret er 33. 
nno_Latn;Spørsmål: Olivia har 23 dollar. Ho kjøpte fem baglar for 3 dollar kvar. Kor mange pengar har ho att? ;Trinnvis svar: 5 baglar for 3 dollar kvar burde kosta 5 * 3 = 15 dollar. Olivia hadde 23 dollar i byrjinga, så no har ho 23 - 15 = 8 dollar igjen. Svaret er åtte. 
nno_Latn;Spørsmål: Jason hadde 20 små pinneblomster. Han gav Denny nokre lollipopar. No har Jason 12 lollipopar. Kor mange lollipop har Jason gjeve til Denny? ;Trinnvis svar: Jason byrja med 20 slikkar, men no har han berre 12, så han gav Denny 20 - 12 = 8 slikkar. Svaret er åtte. 
nno_Latn;Spørsmål: Hvis det er tre biler på parkeringsplassen og to biler til kjem då til, kor mange biler er det på parkeringsplassen? ;Trinnvis svar: Trå einar bil er det i byrjinga, to til kjem etter, så det burde vera 3 pluss 2 som er 5 biler. Svaret er 5. 
pol_Latn;Pytanie: Roger ma 5 piłek tenisowych. Kupuje jeszcze 2 puszki piłek tenisowych. Każda puszka ma 3 piłki tenisowe. Ile ma teraz piłek tenisowych? ;Odpowiedź krok po kroku: Roger zaczął od 5 piłek. 2 puszki z 3 piłeczkami tenisowymi każda to 6 piłek tenisowych. 5 + 6 = 11. Odpowiedź brzmi 11. 
pol_Latn;Pytanie: W pokoju serwerowym było dziewięć komputerów. Każdego dnia, od poniedziałku do czwartku, instalowano kolejne pięć komputerów. Ile komputerów jest teraz w pokoju serwerowym? ;Odpowiedź krok po kroku: Od poniedziałku do czwartku są 4 dni. Każdego dnia dodawano 5 komputerów. To oznacza, że łącznie dodano 4 * 5 = 20 komputerów. Na początku było 9 komputerów, więc teraz jest 9 + 20 = 29 komputerów. Odpowiedź to 29. 
pol_Latn;Pytanie: Leah miała 32 czekoladki, a jej siostra 42. Jeśli zjadli 35, ile kawałków im zostało? ;Odpowiedź krok po kroku: Leah miała 32 czekoladki, a jej siostra 42. To znaczy, że pierwotnie było 32 + 42 = 74 czekoladki. 35 zostało zjedzonych. W sumie mają 74 - 35 = 39 czekoladek. Odpowiedź brzmi 39. 
pol_Latn;Pytanie: Shawn ma pięć zabawek. Na święta dostał po dwie zabawki od rodziców. Ile ma teraz zabawek? ;Odpowiedź krok po kroku: Ma 5 zabawek. Dostał 2 od mamy, więc po tym ma 5 + 2 = 7 zabawek. Potem dostał jeszcze 2 od taty, więc w sumie ma 7 + 2 = 9 zabawek. Odpowiedź brzmi 9. 
pol_Latn;Pytanie: Michael miał 58 piłek golfowych. We wtorek zgubił 23 piłki golfowe. W środę stracił jeszcze dwóch. Ile piłek golfowych miał pod koniec środy? ;Odpowiedź krok po kroku: Michael zaczął od 58 piłek golfowych i stracił 23, więc ma 58 - 23 = 35. Po stracie kolejnych dwóch, ma teraz 35 minus 2 = 33 piłki. Odpowiedź brzmi 33. 
pol_Latn;Pytanie: Olivia ma 23 dolary. Kupiła pięć bajglów za 3 dolary za każdy. Ile jej zostało? ;Odpowiedź krok po kroku: 5 bajglów za 3 dolary powinno kosztować 5 razy 3 = 15 dolarów. Olivia miała 23 dolary na początku, więc teraz ma 23 minus 15 = 8 dolarów. Odpowiedź to 8. 
pol_Latn;Pytanie: Jason miał 20 lizaków. Dał Denny'emu trochę lizaków. Teraz Jason ma 12 lizaków. Ile lizaków Jason dał Denny'emu? ;Odpowiedź krok po kroku: Jason zaczął od 20 lizaka, ale teraz ma tylko 12, więc dał Denny'emu 20 - 12 = 8 lizaka. Odpowiedź to 8. 
pol_Latn;Pytanie: Jeśli na parkingu są 3 samochody, a przyjeżdżają jeszcze 2 samochody, to ile samochodów jest na parkingu? ;Odpowiedź krok po kroku: Na początku było 3 samochody, przyjeżdżają kolejne 2, więc teraz powinno być 3 + 2 = 5 samochodów. Odpowiedź brzmi 5. 
por_Latn;Pergunta: Roger tem 5 bolas de ténis. Ele compra mais 2 latas de bolas de ténis. Cada lata tem 3 bolas de ténis. Quantas bolas de ténis ele tem agora? ;Resposta passo a passo: Roger começou com 5 bolas. 2 latas de 3 bolas de tênis cada uma é 6 bolas de tênis. 5 + 6 = 11. A resposta é 11. 
por_Latn;Pergunta: Havia nove computadores na sala de servidores. Instalaram-se mais cinco computadores por dia, de segunda a quinta-feira. Quantos computadores estão agora na sala de servidores? ;Resposta passo a passo: Há 4 dias de segunda a quinta-feira. 5 computadores foram adicionados a cada dia. Isso significa que no total foram adicionados 4 * 5 = 20 computadores. Havia 9 computadores no começo, então agora há 9 + 20 = 29 computadores. A resposta é 29. 
por_Latn;Pergunta: Leah tinha 32 chocolates e a irmã tinha 42. Se comeram 35, quantos pedaços lhes restam no total? ;Resposta passo a passo: Leah tinha 32 chocolates e a irmã de Leah tinha 42. Isso significa que originalmente havia 32 + 42 = 74 chocolates. 35 foram comidos. Então, no total eles ainda têm 74 - 35 = 39 chocolates. A resposta é 39. 
por_Latn;Pergunta: o Shawn tem cinco brinquedos. No Natal, ele recebeu dois brinquedos de cada um dos pais. Quantos brinquedos ele tem agora? ;Resposta passo a passo: Ele tem 5 brinquedos. Ele recebeu 2 da mãe, então depois disso ele tem 5 + 2 = 7 brinquedos. Depois ele recebeu mais 2 do pai, então no total ele tem 7 + 2 = 9 brinquedos. A resposta é 9. 
por_Latn;Pergunta: o Michael tinha 58 bolas de golfe. Na terça-feira, ele perdeu 23 bolas de golfe. Na quarta-feira, ele perdeu mais dois. Quantas bolas de golfe ele tinha no final da quarta-feira? ;Resposta passo a passo: Michael começou com 58 bolas de golfe e perdeu 23, então ele tem 58 - 23 = 35. Depois de perder mais duas, ele tem 35 - 2 = 33 bolas agora. A resposta é 33. 
por_Latn;Pergunta: a Olivia tem 23 dólares. Ela comprou cinco bagels por três dólares cada. Quanto dinheiro lhe resta? ;Resposta passo a passo: 5 bagels por US$ 3 cada um deve custar 5 * 3 = US$ 15. Olivia tinha $23 no começo, então agora ela tem 23 - 15 = 8 dólares restantes. A resposta é 8. 
por_Latn;Pergunta: o Jason tinha 20 pirulitos. Ele deu-lhe uns pirulitos. Agora o Jason tem 12 pirulitos. Quantos pirulitos o Jason deu ao Denny? ;Resposta passo a passo: Jason começou com 20 piruletas, mas agora só tem 12, então ele deu a Denny 20 - 12 = 8 piruletas. A resposta é 8. 
por_Latn;Pergunta: Se há 3 carros no estacionamento e 2 carros mais chegam, quantos carros estão no estacionamento? ;Resposta passo a passo: Há 3 carros no início, 2 mais chegam, então agora deve haver 3 + 2 = 5 carros. A resposta é 5. 
ron_Latn;Întrebare: Roger are 5 mingi de tenis. Cumpără încă două cutii de mingi de tenis. Fiecare cutie are 3 mingi de tenis. Câte mingi de tenis are acum? ;Răspuns pas cu pas: Roger a început cu 5 bile. 2 cutii cu 3 mingi de tenis fiecare face 6 mingi de tenis. 5 + 6 = 11. Răspunsul este 11. 
ron_Latn;Întrebare: Erau nouă computere în camera serverelor. Au mai fost instalate cinci computere în fiecare zi, de luni până joi. Câte computere sunt acum în camera serverului? ;Răspuns pas cu pas: Sunt 4 zile de luni până joi. 5 computere au fost adăugate în fiecare zi. Asta înseamnă că în total 4 * 5 = 20 de computere au fost adăugate. Au fost 9 computere la început, deci acum sunt 9 + 20 = 29 computere. Răspunsul este 29. 
ron_Latn;Întrebare: Leah a avut 32 de ciocolată iar sora ei a avut 42. Dacă au mâncat 35, câte bucăţi au mai rămas în total? ;Răspuns pas cu pas: Leah a avut 32 de ciocolată iar sora ei a avut 42. Asta înseamnă că la început erau 32 + 42 = 74 de ciocolată. 35 au fost mâncate. Deci, în total, ei au 74 minus 35 = 39 de ciocolată. Răspunsul este 39. 
ron_Latn;Întrebare: Shawn are cinci jucării. De Crăciun, a primit câte două jucării de la mama şi tata. Câte jucării are acum? ;Răspuns pas cu pas: Are 5 jucării. A primit 2 de la mama, deci după aceea are 5 + 2 = 7 jucării. Apoi a mai primit 2 de la tata, deci în total are 7 + 2 = 9 jucării. Răspunsul este 9. 
ron_Latn;Întrebare: Michael avea 58 de mingi de golf. Marţi, a pierdut 23 de mingi de golf. Miercuri, a mai pierdut 2 persoane. Câte mingi de golf a avut la sfârşitul zilei de miercuri? ;Răspuns pas cu pas: Michael a început cu 58 de mingi de golf şi a pierdut 23, deci are 58 - 23 = 35. După ce a pierdut încă două, acum are 35 - 2 = 33 de bile. Răspunsul este 33. 
ron_Latn;Întrebare: Olivia are 23 de dolari. A cumpărat cinci covrigi pentru 3 dolari fiecare. Câţi bani i-au mai rămas? ;Răspuns pas cu pas: 5 gogoşi de 3 dolari fiecare ar trebui să coste 5*3 = 15 dolari. Olivia avea 23 de dolari la început, deci acum îi mai rămân 23 - 15 = 8 dolari. Răspunsul este 8. 
ron_Latn;Întrebare: Jason a avut 20 de acadei. I-a dat lui Denny nişte acadei. Acum Jason are 12 sucuri. Câte lămâi i le-a dat Jason lui Denny? ;Răspuns pas cu pas: Jason a început cu 20 de acadei, dar acum are doar 12, aşa că i-a dat lui Denny 20 - 12 = 8 acadei. Răspunsul este 8. 
ron_Latn;Întrebare: Dacă sunt 3 maşini în parcare şi mai vin încă 2 maşini, câte maşini sunt în parcare? ;Răspuns pas cu pas: La început sunt 3 maşini, mai vin încă 2, deci acum ar trebui să fie 3 + 2 = 5 maşini. Răspunsul este 5. 
slv_Latn;Vprašanje: Roger ima pet teniskih žogic. Kupil je še dve ploščici teniskih žogic. V vsaki ploščici so tri teniške žoge. Koliko tenisovk ima zdaj? ;Odgovor korak za korakom: Roger je začel s petimi žogicami. 2 pločevinki s 3 teniski žogici vsaka je 6 teniski žogice. 5 plus 6 je 11. Odgovor je 11. 
slv_Latn;Vprašanje: V strežniški sobi je bilo devet računalnikov. Vsak dan, od ponedeljka do četrtka, je bilo nameščenih še pet računalnikov. Koliko računalnikov je v strežnik sobi? ;Odgovor korak za korakom: Od ponedeljka do četrtka je 4 dni. Vsak dan je bilo dodanih 5 računalnikov. To pomeni, da je bilo v celoti dodanih 4 * 5 = 20 računalnikov. Na začetku je bilo 9 računalnikov, zdaj je 9 + 20 = 29 računalnikov. Odgovor je 29. 
slv_Latn;Vprašanje: Leah je imela 32 čokoladnih bonbonov, njena sestra pa jih je imela 42. Če so pojedli 35, koliko kosov jim je ostalo? ;Odgovor korak za korakom: Leah je imela 32 čokoladnih bonbonov, Leahina sestra pa jih je imela 42. To pomeni, da je bilo prvotno 32 + 42 = 74 čokolad. 35 jih je bilo pojedenih. Torej imajo še vedno 74 minus 35 = 39 čokolad. Odgovor je 39. 
slv_Latn;Vprašanje: Shawn ima pet igrač. Za božič je dobil po dve igrači od svojih staršev. Koliko igrač ima zdaj? ;Odgovor korak za korakom: ima pet igrač. Mama mu je dala dve, potem ima 5 + 2 = 7 igrač. Nato je od očeta dobil še dve, tako da ima skupaj 7 + 2 = 9 igrač. Odgovor je 9. 
slv_Latn;Vprašanje: Michael je imel 58 žogic za golf. V torek je izgubil 23 žogic za golf. V sredo je izgubil še dva. Koliko žogic za golf je imel na koncu srede? ;Odgovor korak za korakom: Michael je začel s 58 golf kroglicami in jih izgubil 23, tako da ima 58 - 23 = 35. Po tem, ko je izgubil še 2 žogice, ima 35 - 2 = 33 žogic. Odgovor je 33. 
slv_Latn;Vprašanje: Olivia ima 23 dolarjev. Kupila je pet peciv za 3 $ vsak. Koliko denarja ji je ostalo? ;Odgovor korak za korakom: 5 peciv za 3 $ bi moralo vsak stane 5 * 3 = 15 dolarjev. Olivia je imela na začetku 23 dolarjev, zdaj ji je ostalo 23 minus 15 = 8 dolarjev. Odgovor je 8. 
slv_Latn;Vprašanje: Jason je imel 20 lizirk. Dennyju je dal nekaj lizirk. Jason ima 12 lizirk. Koliko lizirk je Jason dal Dennyju? ;Odgovor korak za korakom: Jason je začel s 20 lizirnicami, zdaj pa jih ima le 12, zato je Dennyju dal 20 - 12 = 8 lizirnic. Odgovor je 8. 
slv_Latn;Vprašanje: Če so na parkirišču trije avtomobili in pridejo še dva, koliko avtomobilov je na parkirišču? ;Odgovor korak za korakom: Na začetku je bilo 3 avtomobila, prišli so še dva, tako da bi zdaj moralo biti 3 + 2 = 5 avtomobilov. Odgovor je 5. 
srp_Cyrl;Питање: Роџер има 5 тенис лоптица. Купи још 2 конзерве тенис лоптица. Свака конзерва има три тениске лопте. Колико тенис лоптица сада има? ;Одговор: Роџер је почео са 5 лоптица. 2 конзерве са 3 тениске лопте свака је 6 тениских лопти. 5 + 6 је 11. Одговор је 11. 
srp_Cyrl;Питање: У просторији са сервером било је девет рачунара. У свакој ноћи, од понедељка до четвртка, инсталирано је још пет рачунара. Колико је рачунара сада у просторији са серверима? ;Одговор: Од понедељка до четвртка има 4 дана. Сваког дана је додавано 5 рачунара. То значи да је укупно додато 4 * 5 = 20 рачунара. У почетку је било 9 рачунара, тако да сада има 9 + 20 = 29 рачунара. Одговор је 29. 
srp_Cyrl;Питање: Лија је имала 32 чоколаде, а њена сестра 42. Ако су појели 35, колико је парчића остало укупно? ;Одговор: Лија је имала 32 чоколаде, а Лијина сестра 42. То значи да је првобитно било 32 + 42 = 74 чоколаде. 35 је поједено. Дакле, укупно, они још увек имају 74 - 35 = 39 чоколаде. Одговор је 39. 
srp_Cyrl;Питање: За Божић је добио по две играчке од своје маме и оца. Колико играчака сада има? ;Одговор: Има пет играчака. Добио је 2 од мајке, тако да после тога има 5 + 2 = 7 играчака. Онда је добио још 2 од тате, тако да укупно има 7 + 2 = 9 играчака. Одговор је 9. 
srp_Cyrl;Питање: Мајкл је имао 58 лоптица за голф. У уторак је изгубио 23 лопте за голф. У среду је изгубио још два. Колико је лоптица за голф имао на крају среде? ;Одговор: Мајкл је почео са 58 лоптица за голф и изгубио 23, тако да има 58 - 23 = 35. Након што је изгубио још два, сада има 35 - 2 = 33 куглице. Одговор је 33. 
srp_Cyrl;Питање: Оливија има 23 долара. Купила је пет песаца по три долара. Колико јој је новца остало? ;Одговор: 5 бегела по 3 долара би требало да кошта 5 * 3 = 15 долара. Оливија је имала 23 долара на почетку, тако да јој је сада остало 23 - 15 = 8 долара. Одговор је 8. 
srp_Cyrl;Питање: Јасон је имао 20 лебдица. Дао је Деннију леђа. Сада Џејсон има 12 лебдица. Колико је леђа Џејсон дао Денију? ;Одговор: Јасон је почео са 20 леђа, али сада има само 12, па је дао Денију 20 - 12 = 8 леђа. Одговор је 8. 
srp_Cyrl;Питање: Ако на паркингу има три аутомобила и још два кола долазе, колико је аутомобила на паркингу? ;Одговор: На почетку је било 3 аутомобила, дошло је још 2, тако да сада би требало да има 3 + 2 = 5 аутомобила. Одговор је 5. 
swe_Latn;Fråga: Roger har fem tennisbollar. Han köper två burkar till tennisbollar. Varje burk har tre tennisbollar. Hur många tennisbollar har han nu? ;Steg för steg: Roger började med 5 bollar. Två burkar med tre tennisbollar vardera är sex tennisbollar. 5 + 6 = 11. Svaret är 11. 
swe_Latn;Fråga: Det fanns nio datorer i serverrummet. Fyra nya datorer installerades varje dag, från måndag till torsdag. Hur många datorer är det i serverrummet? ;Steg för steg: Det är fyra dagar från måndag till torsdag. Varje dag tillkom fem datorer. Det betyder att totalt 4 * 5 = 20 datorer lades till. Det fanns 9 datorer i början, så nu finns det 9 + 20 = 29 datorer. Svaret är 29. 
swe_Latn;Fråga: Leah hade 32 chokladbitar och hennes syster 42. Om de åt 35 stycken, hur många stycken har de då kvar? ;Steg för steg: Leah hade 32 chokladbitar och Leahs syster hade 42. Det betyder att det ursprungligen fanns 32 + 42 = 74 chokladbitar. 35 har ätits. Så totalt har de fortfarande 74 minus 35 = 39 chokladbitar. Svaret är 39. 
swe_Latn;Fråga: Shawn har fem leksaker. Till jul fick han två leksaker var från sin mamma och pappa. Hur många leksaker har han nu? ;Steg för steg: Han har fem leksaker. Han fick 2 från mamma, så efter det har han 5 + 2 = 7 leksaker. Sedan fick han två till från pappa, så totalt har han 7 + 2 = 9 leksaker. Svaret är 9. 
swe_Latn;Fråga: Michael hade 58 golfbollar. På tisdag förlorade han 23 golfbollar. På onsdag förlorade han två till. Hur många golfbollar hade han i slutet av onsdagen? ;Steg för steg: Michael började med 58 golfbollar och förlorade 23, så han har 58 - 23 = 35. Efter att han förlorat 2 till, har han 35 - 2 = 33 bollar nu. Svaret är 33. 
swe_Latn;Fråga: Olivia har 23 dollar. Hon köpte fem bagels för tre dollar var. Hur mycket pengar har hon kvar? ;Steg för steg: 5 bagels för 3 dollar per styck borde kosta 5 * 3 = 15 dollar. Olivia hade 23 dollar i början, så nu har hon 23 minus 15 = 8 dollar kvar. Svaret är 8. 
swe_Latn;Fråga: Jason hade 20 lollipops. Han gav Denny lite lollipops. Nu har Jason tolv lollipops. Hur många lollipops gav Jason till Denny? ;Steg för steg: Jason började med 20 lollipop, men nu har han bara 12, så han gav Denny 20 - 12 = 8 lollipop. Svaret är 8. 
swe_Latn;Fråga: Om det finns tre bilar på parkeringen och två bilar kommer, hur många bilar är det på parkeringen? ;Steg för steg: Det var tre bilar i början, två till kommer, så nu borde det vara tre plus två = fem bilar. Svaret är 5. 
ukr_Cyrl;Питання: у Роджера є 5 тенісних м'ячів. Він купує ще 2 банки тенісних м'ячів. У кожній баночці три тенісні м'ячі. Скільки у нього зараз тенісних м'ячів? ;Відповідь за кроком: Роджер почав з 5 куль. 2 банки з 3 тенісними м'ячами кожна - 6 тенісних м'ячів. 5 + 6 = 11. Відповідь - 11. 
ukr_Cyrl;Питання: У серверній кімнаті було дев'ять комп'ютерів. Кожен день, з понеділка по четвер, встановлювалися ще п'ять комп'ютерів. Скільки комп'ютерів зараз у серверній кімнаті? ;Відповідь за кроком: Від понеділка до четверга 4 дні. Кожного дня додавалося 5 комп'ютерів. Це означає, що в цілому було додано 4 * 5 = 20 комп'ютерів. Спочатку було 9 комп'ютерів, тепер 9 + 20 = 29. Відповідь - 29. 
ukr_Cyrl;Питання: У Лії було 32 шоколаду, а у її сестри - 42. Якщо вони з'їли 35, то скільки шматочків залишилося? ;Відповідь за кроком: Лея мала 32 шоколади, а сестра Леї - 42. Це означає, що спочатку було 32 + 42 = 74 шоколади. 35 були з'їдені. Отже, у цілому у них залишилося 74 - 35 = 39 шоколадів. Відповідь - 39. 
ukr_Cyrl;Питання: у Шона є п'ять іграшок. На Різдво він отримав по дві іграшки від своєї мами та тато. Скільки у нього іграшок зараз? ;Відповідь за кроком: У нього є 5 іграшок. Він отримав 2 іграшки від мами, тому після цього у нього є 5 + 2 = 7 іграшок. Потім він отримав ще 2 іграшки від батька, тож у цілому у нього 7 + 2 = 9 іграшок. Відповідь - 9. 
ukr_Cyrl;Питання: у Майкла було 58 м'ячів для гольфу. У вівторок він втратив 23 м'яча для гольфу. У середу він втратив ще двох. Скільки у нього було м'ячів для гольфу наприкінці середи? ;Відповідь за кроком: Майкл почав з 58 м'ячів для гольфу і втратив 23, тому у нього є 58 - 23 = 35. Після того, як він втратив ще 2 кулі, тепер у нього 35 - 2 = 33 кулі. Відповідь - 33. 
ukr_Cyrl;Питання: у Олівії є 23 долари. Вона купила п'ять булочок за 3 долари за штуку. Скільки у неї грошей залишилося? ;Відповідь за кроком: 5 бугелів за 3 долари кожен повинен коштувати 5 * 3 = 15 доларів. Олівія мала 23 долари на початку, тому тепер у неї залишилося 23 - 15 = 8 доларів. Відповідь - 8. 
ukr_Cyrl;Питання: у Джейсона було 20 леденців. Він дав Денні леденців. Тепер у Джейсона 12 леденців. Скільки леденців Джейсон дав Денні? ;Відповідь за кроком: Джейсон почав з 20 леденців, але тепер у нього їх лише 12, тому він дав Денні 20 - 12 = 8 леденців. Відповідь - 8. 
ukr_Cyrl;Питання: Якщо на парковці три машини, і приходять ще дві, скільки машин на парковці? ;Відповідь за кроком: На початку є 3 машини, приходять ще 2, тому тепер має бути 3 + 2 = 5 машин. Відповідь - 5. 
vie_Latn;Câu hỏi: Roger có 5 quả bóng tennis. Anh ta mua thêm 2 lon bóng tennis. Mỗi thùng có 3 quả bóng tennis. Giờ anh ta có bao nhiêu quả bóng tennis? ;Câu trả lời từng bước: Roger bắt đầu với 5 quả bóng. 2 lon 3 quả bóng tennis mỗi cái là 6 quả bóng tennis. 5 cộng 6 bằng 11. Câu trả lời là 11. 
vie_Latn;Câu hỏi: Có chín máy tính trong phòng máy chủ. Mỗi ngày, từ thứ Hai đến thứ Năm, thêm năm máy tính nữa được lắp đặt. Có bao nhiêu máy tính trong phòng máy chủ? ;Câu trả lời từng bước: Có 4 ngày từ thứ Hai đến thứ Năm. 5 máy tính được thêm vào mỗi ngày. Điều đó có nghĩa là tổng cộng 4 * 5 = 20 máy tính đã được thêm vào. Có 9 máy tính lúc đầu, vậy bây giờ có 9 + 20 = 29 máy tính. Câu trả lời là 29. 
vie_Latn;Câu hỏi: Leah có 32 viên sô cô la và em gái cô có 42. Nếu họ ăn 35, thì họ còn lại bao nhiêu miếng? ;Câu trả lời từng bước: Leah có 32 viên sô cô la và chị gái Leah có 42. Điều đó có nghĩa là ban đầu có 32 cộng 42 = 74 viên sô cô la. 35 đã bị ăn. Vậy tổng cộng họ vẫn còn 74 - 35 = 39 viên sô cô la. Câu trả lời là 39. 
vie_Latn;Câu hỏi: Shawn có năm món đồ chơi. Vào Giáng sinh, anh ấy nhận được hai món đồ chơi từ bố mẹ. Giờ nó có bao nhiêu đồ chơi? ;Câu trả lời từng bước: Anh ta có 5 món đồ chơi. Nó có 2 món đồ chơi từ mẹ, vậy sau đó nó có 5 cộng 2 = 7 món đồ chơi. Sau đó, ông nhận được 2 hơn từ cha, vì vậy tổng cộng ông có 7 + 2 = 9 đồ chơi. Câu trả lời là 9. 
vie_Latn;Câu hỏi: Michael có 58 quả bóng golf. Hôm thứ Ba, anh ta mất 23 quả bóng golf. Hôm thứ Tư, anh ta mất thêm 2 người nữa. Anh ta có bao nhiêu quả bóng golf vào cuối ngày thứ Tư? ;Câu trả lời từng bước: Trả lời từng bước: Michael bắt đầu với 58 quả bóng golf và mất 23, vì vậy anh ta có 58 - 23 = 35. Sau khi mất 2 quả nữa, giờ anh ta có 35 - 2 = 33 quả bóng. Câu trả lời là 33. 
vie_Latn;Câu hỏi: Olivia có 23 đô la. Cô ấy mua năm cái bánh bagel với giá 3 đô mỗi cái. Cô ấy còn bao nhiêu tiền? ;Câu trả lời từng bước: 5 bánh bagel với giá 3 đô la mỗi cái sẽ có giá 5 * 3 = 15 đô la. Olivia có 23 đô la lúc đầu, vì vậy bây giờ cô ấy có 23 - 15 = 8 đô la còn lại. Câu trả lời là 8. 
vie_Latn;Câu hỏi: Jason có 20 quả kẹo. Anh ta cho Denny một ít kẹo liếm. Giờ Jason có 12 cái kẹo. Jason đã cho Denny bao nhiêu kẹo ngọt? ;Câu trả lời từng bước: Jason bắt đầu với 20 quả kẹo tròn, nhưng giờ anh chỉ có 12, vì vậy anh cho Denny 20 - 12 = 8 quả kẹo tròn. Câu trả lời là 8. 
vie_Latn;Câu hỏi: Nếu có 3 xe trong bãi đậu xe và 2 xe nữa đến, có bao nhiêu xe trong bãi đậu xe? ;Câu trả lời từng bước: Có 3 xe ở đầu, 2 xe nữa đến, nên bây giờ sẽ có 3 + 2 = 5 xe. Câu trả lời là 5. 
